Protocollo;Gruppo;DataOraIncidente;Localizzazione1;STRADA1;Localizzazione2;STRADA2;Strada02;Chilometrica;DaSpecificare;NaturaIncidente;particolaritastrade;TipoStrada;FondoStradale;Pavimentazione;Segnaletica;CondizioneAtmosferica;Traffico;Visibilita;Illuminazione;NUM_FERITI;NUM_RISERVATA;NUM_MORTI;NUM_ILLESI;Longitudine;Latitudine;Confermato;Progressivo;TipoVeicolo;StatoVeicolo;TipoPersona;Sesso;Tipolesione;Deceduto;DecedutoDopo;CinturaCascoUtilizzato;Airbag
3545058;2;08/11/2017 13:45;Strada Urbana;VIALE DEL VIGNOLA;da specificare;;;;pross. VIA DONATELLO;Veicolo in marcia contro veicolo arresto;Rettilineo;Due carreggiate;Asciutto;Asfaltata;Verticale ed orizzontale;Sereno;Normale;Buona;Ore Diurne;2;0;0;1;12,46633;41,92534;-1;2;Autovettura privata;In marcia / fermata / arresto;Conducente;M;Illeso;0;;Non accertato;Inesploso
3545059;2;08/11/2017 14:35;Strada Urbana;VIA ARCHIANO;all'intersezione con;VIA CERESIO;VIA CERESIO;;;Scontro frontale/laterale DX fra veicoli in marcia;Incrocio;Più di due carreggiate;Asciutto;Asfaltata;Verticale ed orizzontale;Sereno;Normale;Buona;Ore Diurne;1;0;0;1;12,50661;41,92523;-1;1;Autovettura privata;In marcia / fermata / arresto;Conducente;M;Illeso;0;;Non accertato;Inesploso
3545059;2;08/11/2017 14:35;Strada Urbana;VIA ARCHIANO;all'intersezione con;VIA CERESIO;VIA CERESIO;;;Scontro frontale/laterale DX fra veicoli in marcia;Incrocio;Più di due carreggiate;Asciutto;Asfaltata;Verticale ed orizzontale;Sereno;Normale;Buona;Ore Diurne;1;0;0;1;12,50661;41,92523;-1;2;Autovettura privata;In marcia / fermata / arresto;Conducente;F;Rifiuta cure immediate;0;NON DECEDUTO;Non accertato;Inesploso
3545062;2;08/11/2017 21:30;Strada Urbana;PIAZZA MONTE GENNARO;all'intersezione con;VIA MONTE META;VIA MONTE META;;;Scontro laterale fra veicoli in marcia;Incrocio;Una carreggiata a doppio senso;Bagnato (umidità in atto);Asfaltata;Verticale ed orizzontale;Nuvoloso;Scarso;Buona;Sufficiente;1;0;0;1;12,53793;41,9447;-1;1;Autovettura privata;In marcia / fermata / arresto;Conducente;F;Illeso;0;;Non accertato;Inesploso
3545062;2;08/11/2017 21:30;Strada Urbana;PIAZZA MONTE GENNARO;all'intersezione con;VIA MONTE META;VIA MONTE META;;;Scontro laterale fra veicoli in marcia;Incrocio;Una carreggiata a doppio senso;Bagnato (umidità in atto);Asfaltata;Verticale ed orizzontale;Nuvoloso;Scarso;Buona;Sufficiente;1;0;0;1;12,53793;41,9447;-1;2;Motociclo a solo;In marcia / fermata / arresto;Conducente;M;Rimandato;0;NON DECEDUTO;Non accertato;
3545063;17;08/11/2017 12:50;Strada Urbana;VIA ANASTASIO II;all'intersezione con;VIALE DEGLI AMMIRAGLI;VIALE DEGLI AMMIRAGLI;;;Investimento di pedone;Intersezione semaforizzata;Due carreggiate;Asciutto;Asfaltata;Verticale ed orizzontale;Sereno;Normale;Buona;Ore Diurne;1;0;0;1;12,44485;41,90537;-1;;;;Pedone;M;Rimandato;0;NON DECEDUTO;;
3545063;17;08/11/2017 12:50;Strada Urbana;VIA ANASTASIO II;all'intersezione con;VIALE DEGLI AMMIRAGLI;VIALE DEGLI AMMIRAGLI;;;Investimento di pedone;Intersezione semaforizzata;Due carreggiate;Asciutto;Asfaltata;Verticale ed orizzontale;Sereno;Normale;Buona;Ore Diurne;1;0;0;1;12,44485;41,90537;-1;1;Autovettura privata;In marcia / fermata / arresto;Conducente;M;Illeso;0;;;
3545067;6;09/11/2017 07:45;Strada Urbana;VIA CASILINA;in corrispondenza;;del civico n.;402;;Investimento di pedone;Rettilineo;Più di due carreggiate;Bagnato (umidità in atto);Asfaltata;Verticale ed orizzontale;Sereno;Intenso;Buona;Ore Diurne;1;0;0;1;12,54231;41,87993;-1;;;;Pedone;F;Rimandato;0;NON DECEDUTO;;
3545067;6;09/11/2017 07:45;Strada Urbana;VIA CASILINA;in corrispondenza;;del civico n.;402;;Investimento di pedone;Rettilineo;Più di due carreggiate;Bagnato (umidità in atto);Asfaltata;Verticale ed orizzontale;Sereno;Intenso;Buona;Ore Diurne;1;0;0;1;12,54231;41,87993;-1;1;Autovettura privata;In marcia / fermata / arresto;Conducente;M;Illeso;0;;;
3545068;12;07/11/2017 07:40;Strada Urbana;PIAZZA DEL LAVORO;da specificare;;;;direzione Viale G. Marconi;Scontro laterale fra veicoli in marcia;Curva a visuale libera;Una carreggiata a senso unico di marcia;Bagnato (pioggia);Asfaltata;Verticale ed orizzontale;Pioggia in atto;Normale;Buona;Ore Diurne;0;0;0;4;12,47726;41,84563;-1;1;Autovettura privata;In marcia / fermata / arresto;Conducente;M;Illeso;0;;Utilizzato;Inesploso
3545068;12;07/11/2017 07:40;Strada Urbana;PIAZZA DEL LAVORO;da specificare;;;;direzione Viale G. Marconi;Scontro laterale fra veicoli in marcia;Curva a visuale libera;Una carreggiata a senso unico di marcia;Bagnato (pioggia);Asfaltata;Verticale ed orizzontale;Pioggia in atto;Normale;Buona;Ore Diurne;0;0;0;4;12,47726;41,84563;-1;1;Autovettura privata;In marcia / fermata / arresto;Passeggero;F;Illeso;0;;Utilizzato;Inesploso
3545068;12;07/11/2017 07:40;Strada Urbana;PIAZZA DEL LAVORO;da specificare;;;;direzione Viale G. Marconi;Scontro laterale fra veicoli in marcia;Curva a visuale libera;Una carreggiata a senso unico di marcia;Bagnato (pioggia);Asfaltata;Verticale ed orizzontale;Pioggia in atto;Normale;Buona;Ore Diurne;0;0;0;4;12,47726;41,84563;-1;2;Autocarro superiore 35 q.;In marcia / fermata / arresto;Conducente;M;Illeso;0;;Utilizzato;Inesploso
3545068;12;07/11/2017 07:40;Strada Urbana;PIAZZA DEL LAVORO;da specificare;;;;direzione Viale G. Marconi;Scontro laterale fra veicoli in marcia;Curva a visuale libera;Una carreggiata a senso unico di marcia;Bagnato (pioggia);Asfaltata;Verticale ed orizzontale;Pioggia in atto;Normale;Buona;Ore Diurne;0;0;0;4;12,47726;41,84563;-1;2;Autocarro superiore 35 q.;In marcia / fermata / arresto;Passeggero;M;Illeso;0;;Utilizzato;Inesploso
3545077;12;09/11/2017 08:40;Strada Urbana;VIA DELLA CECCHIGNOLA;in prossimità;;del civico n.;136;;Tamponamento Multiplo;Rettilineo;Una carreggiata a doppio senso;Asciutto;Asfaltata;Verticale ed orizzontale;Sereno;Normale;Buona;Ore Diurne;1;0;0;2;9,644;45,397;-1;1;Autovettura privata;In marcia / fermata / arresto;Conducente;M;Rimandato;0;NON DECEDUTO;;Inesploso
3545077;12;09/11/2017 08:40;Strada Urbana;VIA DELLA CECCHIGNOLA;in prossimità;;del civico n.;136;;Tamponamento Multiplo;Rettilineo;Una carreggiata a doppio senso;Asciutto;Asfaltata;Verticale ed orizzontale;Sereno;Normale;Buona;Ore Diurne;1;0;0;2;9,644;45,397;-1;2;Autovettura privata;In marcia / fermata / arresto;Conducente;F;Illeso;0;;Utilizzato;Inesploso
3545077;12;09/11/2017 08:40;Strada Urbana;VIA DELLA CECCHIGNOLA;in prossimità;;del civico n.;136;;Tamponamento Multiplo;Rettilineo;Una carreggiata a doppio senso;Asciutto;Asfaltata;Verticale ed orizzontale;Sereno;Normale;Buona;Ore Diurne;1;0;0;2;9,644;45,397;-1;3;Autovettura privata;In marcia / fermata / arresto;Conducente;M;Illeso;0;;Utilizzato;Inesploso
3545082;4;08/11/2017 18:50;Statale entro l'abitato;VIA SALARIA;da specificare;;;;altezza svincolo Autostrada A1;Scontro frontale fra veicoli in marcia;Rettilineo;Due carreggiate;Asciutto;Asfaltata;Verticale ed orizzontale;Nuvoloso;Scarso;Sufficiente;Sufficiente;1;0;0;1;12,5295;42,01454;-1;1;Autovettura privata;In marcia / fermata / arresto;Conducente;M;Illeso;0;;Non accertato;Inesploso
3545082;4;08/11/2017 18:50;Statale entro l'abitato;VIA SALARIA;da specificare;;;;altezza svincolo Autostrada A1;Scontro frontale fra veicoli in marcia;Rettilineo;Due carreggiate;Asciutto;Asfaltata;Verticale ed orizzontale;Nuvoloso;Scarso;Sufficiente;Sufficiente;1;0;0;1;12,5295;42,01454;-1;2;Autovettura privata;In marcia / fermata / arresto;Conducente;M;Rimandato;0;NON DECEDUTO;Non accertato;Inesploso
3545088;17;08/11/2017 16:30;;VIA BOEZIO;in prossimità;;del civico n.;4;;Veicolo in marcia contro ostacolo accidentale;;;;;;;;;;0;0;0;1;;;0;1;Autovettura privata;In marcia / fermata / arresto;Conducente;M;Illeso;0;;;
3545093;18;08/11/2017 21:40;Strada Urbana;VIA TROFARELLO;all'intersezione con;VIA MONCALIERI;VIA MONCALIERI;;;Scontro laterale fra veicoli in marcia;Intersezione stradale segnalata;Una carreggiata a doppio senso;Bagnato (umidità in atto);Asfaltata;Verticale ed orizzontale;Nuvoloso;Scarso;Sufficiente;Sufficiente;0;0;0;2;12,3668;41,91363;-1;1;Autovettura privata;In marcia / fermata / arresto;Conducente;M;Illeso;0;;;
3545093;18;08/11/2017 21:40;Strada Urbana;VIA TROFARELLO;all'intersezione con;VIA MONCALIERI;VIA MONCALIERI;;;Scontro laterale fra veicoli in marcia;Intersezione stradale segnalata;Una carreggiata a doppio senso;Bagnato (umidità in atto);Asfaltata;Verticale ed orizzontale;Nuvoloso;Scarso;Sufficiente;Sufficiente;0;0;0;2;12,3668;41,91363;-1;2;Autovettura privata;In marcia / fermata / arresto;Conducente;M;Illeso;0;;;
3545117;7;08/11/2017 16:15;Strada Urbana;VIA DI TOR SAPIENZA;in corrispondenza;;del civico n.;34;;Investimento di pedone;Rettilineo;Una carreggiata a doppio senso;Asciutto;Asfaltata;Orizzontale;Sereno;Normale;Buona;Ore Diurne;1;0;0;1;12,59003;41,90289;-1;;;;Pedone;F;Rimandato;0;NON DECEDUTO;;
3545117;7;08/11/2017 16:15;Strada Urbana;VIA DI TOR SAPIENZA;in corrispondenza;;del civico n.;34;;Investimento di pedone;Rettilineo;Una carreggiata a doppio senso;Asciutto;Asfaltata;Orizzontale;Sereno;Normale;Buona;Ore Diurne;1;0;0;1;12,59003;41,90289;-1;1;Autovettura privata;In marcia / fermata / arresto;Conducente;M;Illeso;0;;;
3545119;9;09/11/2017 10:00;Strada Urbana;VIA APPIA NUOVA;in prossimità;;del civico n.;522/A;;Investimento di pedone;Rettilineo;Due carreggiate;Asciutto;Asfaltata;Verticale ed orizzontale;Sereno;Normale;Buona;Ore Diurne;3;0;0;0;12,52521;41,87274;-1;;;;Pedone;M;Rimandato;0;NON DECEDUTO;;
3545119;9;09/11/2017 10:00;Strada Urbana;VIA APPIA NUOVA;in prossimità;;del civico n.;522/A;;Investimento di pedone;Rettilineo;Due carreggiate;Asciutto;Asfaltata;Verticale ed orizzontale;Sereno;Normale;Buona;Ore Diurne;3;0;0;0;12,52521;41,87274;-1;;;;Pedone;F;Rimandato;0;NON DECEDUTO;;
3545119;9;09/11/2017 10:00;Strada Urbana;VIA APPIA NUOVA;in prossimità;;del civico n.;522/A;;Investimento di pedone;Rettilineo;Due carreggiate;Asciutto;Asfaltata;Verticale ed orizzontale;Sereno;Normale;Buona;Ore Diurne;3;0;0;0;12,52521;41,87274;-1;1;Motociclo a solo;In marcia / fermata / arresto;Conducente;M;Rimandato;0;NON DECEDUTO;Utilizzato;
3545120;1;08/11/2017 18:55;Strada Urbana;PIAZZALE OSTIENSE;in prossimità;;del civico n.;9;;Scontro laterale fra veicoli in marcia;Rettilineo;Una carreggiata a senso unico alternato;Asciutto;Asfaltata;Verticale ed orizzontale;Nuvoloso;Normale;Sufficiente;Sufficiente;0;0;0;1;12,48208;41,87595;-1;1;Autovettura privata;In marcia / fermata / arresto;Conducente;F;Illeso;0;;Non accertato;
3545127;12;07/11/2017 11:00;Strada Urbana;VIA DI DECIMA;in corrispondenza;;del civico n.;102;;Veicolo in marcia contro veicolo fermo;Pianeggiante;Una carreggiata a doppio senso;Bagnato (umidità in atto);Asfaltata;Verticale ed orizzontale;Nuvoloso;Scarso;Buona;Ore Diurne;0;0;0;2;12,45093;41,81675;-1;1;Autovettura privata;In marcia / fermata / arresto;Conducente;M;Illeso;0;;Non accertato;Inesploso
3545127;12;07/11/2017 11:00;Strada Urbana;VIA DI DECIMA;in corrispondenza;;del civico n.;102;;Veicolo in marcia contro veicolo fermo;Pianeggiante;Una carreggiata a doppio senso;Bagnato (umidità in atto);Asfaltata;Verticale ed orizzontale;Nuvoloso;Scarso;Buona;Ore Diurne;0;0;0;2;12,45093;41,81675;-1;2;Autovettura privata;In marcia / fermata / arresto;Conducente;M;Illeso;0;;Non accertato;Inesploso
3545134;15;09/11/2017 11:30;Strada Urbana;LARGO VOLONTARI DEL SANGUE;all'intersezione semaforizzata con;VIA PORTUENSE;VIA PORTUENSE;;;Scontro frontale/laterale SX fra veicoli in marcia;Intersezione semaforizzata;Una carreggiata a doppio senso;Asciutto;Asfaltata;Verticale ed orizzontale;Nuvoloso;Normale;Buona;Ore Diurne;1;0;0;1;12,45319;41,86193;-1;1;Autovettura privata;In marcia / fermata / arresto;Conducente;M;Illeso;0;;Non accertato;Inesploso
3545134;15;09/11/2017 11:30;Strada Urbana;LARGO VOLONTARI DEL SANGUE;all'intersezione semaforizzata con;VIA PORTUENSE;VIA PORTUENSE;;;Scontro frontale/laterale SX fra veicoli in marcia;Intersezione semaforizzata;Una carreggiata a doppio senso;Asciutto;Asfaltata;Verticale ed orizzontale;Nuvoloso;Normale;Buona;Ore Diurne;1;0;0;1;12,45319;41,86193;-1;2;Autovettura privata;In marcia / fermata / arresto;Conducente;M;Rimandato;0;NON DECEDUTO;Non accertato;Inesploso
3545138;23;03/11/2017 08:50;Strada Urbana;VIALE DELLO SCALO S. LORENZO;in prossimità;;del civico n.;56;;Scontro laterale fra veicoli in marcia;Rettilineo;Una carreggiata a senso unico di marcia;Bagnato (pioggia);Asfaltata;Verticale ed orizzontale;Pioggia in atto;Intenso;Buona;Ore Diurne;1;0;0;2;12,51888;41,89598;-1;1;Motociclo a solo;In marcia / fermata / arresto;Conducente;F;Rimandato;0;NON DECEDUTO;Non accertato;
3545138;23;03/11/2017 08:50;Strada Urbana;VIALE DELLO SCALO S. LORENZO;in prossimità;;del civico n.;56;;Scontro laterale fra veicoli in marcia;Rettilineo;Una carreggiata a senso unico di marcia;Bagnato (pioggia);Asfaltata;Verticale ed orizzontale;Pioggia in atto;Intenso;Buona;Ore Diurne;1;0;0;2;12,51888;41,89598;-1;2;Autovettura privata;In marcia / fermata / arresto;Conducente;M;Illeso;0;;Utilizzato;Inesploso
3545138;23;03/11/2017 08:50;Strada Urbana;VIALE DELLO SCALO S. LORENZO;in prossimità;;del civico n.;56;;Scontro laterale fra veicoli in marcia;Rettilineo;Una carreggiata a senso unico di marcia;Bagnato (pioggia);Asfaltata;Verticale ed orizzontale;Pioggia in atto;Intenso;Buona;Ore Diurne;1;0;0;2;12,51888;41,89598;-1;2;Autovettura privata;In marcia / fermata / arresto;Passeggero;M;Illeso;0;;Utilizzato;Inesploso
3545144;11;09/11/2017 11:30;Strada Urbana;VIALE DI TOR MARANCIA;all'intersezione con;VIA DELL'ARCADIA;VIA DELL'ARCADIA;;;Scontro frontale/laterale DX fra veicoli in marcia;Intersezione non regolata/non segnalata;Due carreggiate;Asciutto;Asfaltata;Verticale ed orizzontale;Nuvoloso;Scarso;Buona;Ore Diurne;0;0;0;2;12,49745;41,8553;-1;1;Autovettura privata;In marcia / fermata / arresto;Conducente;M;Illeso;0;;Non accertato;Inesploso
3545144;11;09/11/2017 11:30;Strada Urbana;VIALE DI TOR MARANCIA;all'intersezione con;VIA DELL'ARCADIA;VIA DELL'ARCADIA;;;Scontro frontale/laterale DX fra veicoli in marcia;Intersezione non regolata/non segnalata;Due carreggiate;Asciutto;Asfaltata;Verticale ed orizzontale;Nuvoloso;Scarso;Buona;Ore Diurne;0;0;0;2;12,49745;41,8553;-1;2;Autovettura privata;In marcia / fermata / arresto;Conducente;F;Illeso;0;;Non accertato;Inesploso
3545170;12;07/11/2017 11:05;Strada Urbana;VIA DEL FOSSO DEL TORRINO;all'intersezione con;VIA DI MOSTACCIANO;VIA DI MOSTACCIANO;;;Scontro frontale fra veicoli in marcia;Intersezione stradale segnalata;Una carreggiata a doppio senso;Bagnato (pioggia);Asfaltata;Verticale ed orizzontale;Nuvoloso;Normale;Buona;Ore Diurne;0;0;0;2;12,43418;41,81571;-1;1;Autovettura privata;In marcia / fermata / arresto;Conducente;M;Illeso;0;;Utilizzato;Inesploso
3545170;12;07/11/2017 11:05;Strada Urbana;VIA DEL FOSSO DEL TORRINO;all'intersezione con;VIA DI MOSTACCIANO;VIA DI MOSTACCIANO;;;Scontro frontale fra veicoli in marcia;Intersezione stradale segnalata;Una carreggiata a doppio senso;Bagnato (pioggia);Asfaltata;Verticale ed orizzontale;Nuvoloso;Normale;Buona;Ore Diurne;0;0;0;2;12,43418;41,81571;-1;2;Autovettura privata;In marcia / fermata / arresto;Conducente;M;Illeso;0;;Utilizzato;Inesploso
3545177;23;08/11/2017 09:13;Comunale extraurbana;VIA CRISTOFORO COLOMBO;in prossimità;;della chilometrica;19.38;;Scontro laterale fra veicoli in marcia;Rettilineo;Più di due carreggiate;Asciutto;Asfaltata;Verticale ed orizzontale;Sereno;Normale;Buona;Ore Diurne;1;0;0;1;12,49637;41,87316;-1;1;Velocipede;In marcia / fermata / arresto;Conducente;M;Rifiuta cure immediate;0;NON DECEDUTO;Esente;
3545177;23;08/11/2017 09:13;Comunale extraurbana;VIA CRISTOFORO COLOMBO;in prossimità;;della chilometrica;19.38;;Scontro laterale fra veicoli in marcia;Rettilineo;Più di due carreggiate;Asciutto;Asfaltata;Verticale ed orizzontale;Sereno;Normale;Buona;Ore Diurne;1;0;0;1;12,49637;41,87316;-1;2;Autovettura privata;In marcia / fermata / arresto;Conducente;M;Illeso;0;;Non accertato;Inesistente
3545182;16;08/11/2017 15:00;Strada Urbana;VIA LUIGI ARATI;all'intersezione con;VIALE DEI COLLI PORTUENSI;VIALE DEI COLLI PORTUENSI;;;Investimento di pedone;Incrocio;Una carreggiata a doppio senso;Asciutto;Asfaltata;Verticale ed orizzontale;Sereno;Normale;Buona;Ore Diurne;1;0;0;0;12,44138;41,87255;-1;;;;Pedone;F;Rimandato;0;NON DECEDUTO;;
3545183;9;08/11/2017 14:00;Strada Urbana;VIA TUSCOLANA;in corrispondenza;;del civico n.;127;;Veicolo in marcia contro veicolo in sosta;Rettilineo;Una carreggiata a doppio senso;Asciutto;Asfaltata;Verticale ed orizzontale;Sereno;Intenso;Buona;Ore Diurne;0;0;0;2;12,5178;41,88205;-1;1;Autovettura privata;In marcia / fermata / arresto;Conducente;M;Illeso;0;;;
3545183;9;08/11/2017 14:00;Strada Urbana;VIA TUSCOLANA;in corrispondenza;;del civico n.;127;;Veicolo in marcia contro veicolo in sosta;Rettilineo;Una carreggiata a doppio senso;Asciutto;Asfaltata;Verticale ed orizzontale;Sereno;Intenso;Buona;Ore Diurne;0;0;0;2;12,5178;41,88205;-1;1;Autovettura privata;In marcia / fermata / arresto;Passeggero;F;Illeso;0;;Non accertato;Inesploso
3545184;23;08/11/2017 17:00;Strada Urbana;VIA ERMANNO WOLF FERRARI;da specificare;;;;in prossimità di Via Franchetti;Scontro frontale/laterale DX fra veicoli in marcia;Rettilineo;Una carreggiata a doppio senso;Asciutto;Asfaltata;Verticale ed orizzontale;Nuvoloso;Intenso;Buona;Sufficiente;0;0;0;4;12,37092;41,75407;-1;1;Autovettura privata;In marcia / fermata / arresto;Conducente;M;Illeso;0;;Non accertato;Inesploso
3545184;23;08/11/2017 17:00;Strada Urbana;VIA ERMANNO WOLF FERRARI;da specificare;;;;in prossimità di Via Franchetti;Scontro frontale/laterale DX fra veicoli in marcia;Rettilineo;Una carreggiata a doppio senso;Asciutto;Asfaltata;Verticale ed orizzontale;Nuvoloso;Intenso;Buona;Sufficiente;0;0;0;4;12,37092;41,75407;-1;2;Autovettura privata;In marcia / fermata / arresto;Conducente;F;Illeso;0;;Non accertato;Inesploso
3545184;23;08/11/2017 17:00;Strada Urbana;VIA ERMANNO WOLF FERRARI;da specificare;;;;in prossimità di Via Franchetti;Scontro frontale/laterale DX fra veicoli in marcia;Rettilineo;Una carreggiata a doppio senso;Asciutto;Asfaltata;Verticale ed orizzontale;Nuvoloso;Intenso;Buona;Sufficiente;0;0;0;4;12,37092;41,75407;-1;2;Autovettura privata;In marcia / fermata / arresto;Passeggero;M;Illeso;0;;Utilizzato;Inesploso
3545184;23;08/11/2017 17:00;Strada Urbana;VIA ERMANNO WOLF FERRARI;da specificare;;;;in prossimità di Via Franchetti;Scontro frontale/laterale DX fra veicoli in marcia;Rettilineo;Una carreggiata a doppio senso;Asciutto;Asfaltata;Verticale ed orizzontale;Nuvoloso;Intenso;Buona;Sufficiente;0;0;0;4;12,37092;41,75407;-1;2;Autovettura privata;In marcia / fermata / arresto;Passeggero;F;Illeso;0;;Utilizzato;Inesploso
3545188;4;08/11/2017 14:15;Strada Urbana;VIA GIUSEPPE DE SANTIS;da specificare;;;;fronte civico  n. 33;Veicolo in marcia contro ostacolo fisso;Rettilineo;Una carreggiata a doppio senso;Asciutto;Asfaltata;Verticale ed orizzontale;Sereno;Normale;Buona;Ore Diurne;0;0;0;3;12,53764;41,96554;-1;1;Autovettura privata;In marcia / fermata / arresto;Conducente;M;Illeso;0;;Non accertato;
3545188;4;08/11/2017 14:15;Strada Urbana;VIA GIUSEPPE DE SANTIS;da specificare;;;;fronte civico  n. 33;Veicolo in marcia contro ostacolo fisso;Rettilineo;Una carreggiata a doppio senso;Asciutto;Asfaltata;Verticale ed orizzontale;Sereno;Normale;Buona;Ore Diurne;0;0;0;3;12,53764;41,96554;-1;1;Autovettura privata;In marcia / fermata / arresto;Passeggero;M;Illeso;0;;Non accertato;Inesploso
3545188;4;08/11/2017 14:15;Strada Urbana;VIA GIUSEPPE DE SANTIS;da specificare;;;;fronte civico  n. 33;Veicolo in marcia contro ostacolo fisso;Rettilineo;Una carreggiata a doppio senso;Asciutto;Asfaltata;Verticale ed orizzontale;Sereno;Normale;Buona;Ore Diurne;0;0;0;3;12,53764;41,96554;-1;1;Autovettura privata;In marcia / fermata / arresto;Passeggero;F;Illeso;0;;Non accertato;Inesploso
3545206;4;08/11/2017 18:55;Provinciale entro l'abitato;VIA NOMENTANA;all'intersezione con;VIA DIEGO FABBRI;VIA DIEGO FABBRI;;;Scontro frontale/laterale DX fra veicoli in marcia;Incrocio;Una carreggiata a doppio senso;Bagnato (pioggia);Asfaltata;Verticale ed orizzontale;Pioggia in atto;Intenso;Buona;Sufficiente;2;0;0;1;12,55901;41,9438;-1;1;Autovettura privata;In marcia / fermata / arresto;Conducente;F;Illeso;0;;Non accertato;Inesploso
3545206;4;08/11/2017 18:55;Provinciale entro l'abitato;VIA NOMENTANA;all'intersezione con;VIA DIEGO FABBRI;VIA DIEGO FABBRI;;;Scontro frontale/laterale DX fra veicoli in marcia;Incrocio;Una carreggiata a doppio senso;Bagnato (pioggia);Asfaltata;Verticale ed orizzontale;Pioggia in atto;Intenso;Buona;Sufficiente;2;0;0;1;12,55901;41,9438;-1;2;Motociclo con passeggero;In marcia / fermata / arresto;Conducente;F;Rimandato;0;NON DECEDUTO;Non accertato;
3545206;4;08/11/2017 18:55;Provinciale entro l'abitato;VIA NOMENTANA;all'intersezione con;VIA DIEGO FABBRI;VIA DIEGO FABBRI;;;Scontro frontale/laterale DX fra veicoli in marcia;Incrocio;Una carreggiata a doppio senso;Bagnato (pioggia);Asfaltata;Verticale ed orizzontale;Pioggia in atto;Intenso;Buona;Sufficiente;2;0;0;1;12,55901;41,9438;-1;2;Motociclo con passeggero;In marcia / fermata / arresto;Passeggero;M;Rimandato;0;NON DECEDUTO;Non accertato;
3545236;4;08/11/2017 23:30;Provinciale entro l'abitato;VIA NOMENTANA;in corrispondenza;;del civico n.;1141;;Scontro frontale/laterale SX fra veicoli in marcia;Rettilineo;Una carreggiata a doppio senso;Asciutto;Asfaltata;Orizzontale;Sereno;Normale;Sufficiente;Sufficiente;2;0;0;0;12,57751;41,95678;-1;1;Autovettura privata;In marcia / fermata / arresto;Conducente;M;Rimandato;0;NON DECEDUTO;;
3545236;4;08/11/2017 23:30;Provinciale entro l'abitato;VIA NOMENTANA;in corrispondenza;;del civico n.;1141;;Scontro frontale/laterale SX fra veicoli in marcia;Rettilineo;Una carreggiata a doppio senso;Asciutto;Asfaltata;Orizzontale;Sereno;Normale;Sufficiente;Sufficiente;2;0;0;0;12,57751;41,95678;-1;2;Autovettura privata;In marcia / fermata / arresto;Conducente;M;Rimandato;0;NON DECEDUTO;Non accertato;Inesploso
3545252;16;08/11/2017 15:55;Strada Urbana;VIA QUIRINO MAJORANA;in prossimità;;del civico n.;182;;Scontro laterale fra veicoli in marcia;Rettilineo;Due carreggiate;Asciutto;Asfaltata;Assente;Sereno;Normale;Buona;Ore Diurne;0;0;0;2;12,46031;41,87116;-1;1;Autovettura privata;In marcia / fermata / arresto;Conducente;M;Illeso;0;;Non accertato;
3545252;16;08/11/2017 15:55;Strada Urbana;VIA QUIRINO MAJORANA;in prossimità;;del civico n.;182;;Scontro laterale fra veicoli in marcia;Rettilineo;Due carreggiate;Asciutto;Asfaltata;Assente;Sereno;Normale;Buona;Ore Diurne;0;0;0;2;12,46031;41,87116;-1;2;Autovettura privata;In marcia / fermata / arresto;Conducente;F;Illeso;0;;Non accertato;
3545287;1;09/11/2017 11:15;Strada Urbana;LUNGOTEVERE AVENTINO;all'intersezione con;PONTE SUBLICIO;PONTE SUBLICIO;;;Scontro laterale fra veicoli in marcia;Intersezione semaforizzata;Una carreggiata a senso unico di marcia;Asciutto;Asfaltata;Verticale ed orizzontale;Nuvoloso;Normale;Buona;Ore Diurne;0;0;0;2;12,47579;41,88289;-1;1;Motociclo a solo;In marcia / fermata / arresto;Conducente;M;Illeso;0;;Utilizzato;
3545287;1;09/11/2017 11:15;Strada Urbana;LUNGOTEVERE AVENTINO;all'intersezione con;PONTE SUBLICIO;PONTE SUBLICIO;;;Scontro laterale fra veicoli in marcia;Intersezione semaforizzata;Una carreggiata a senso unico di marcia;Asciutto;Asfaltata;Verticale ed orizzontale;Nuvoloso;Normale;Buona;Ore Diurne;0;0;0;2;12,47579;41,88289;-1;2;Autovettura privata;In marcia / fermata / arresto;Conducente;M;Illeso;0;;Utilizzato;Inesploso
3545360;6;09/11/2017 06:40;Strada Urbana;PIAZZALE PRENESTINO;in corrispondenza;;del civico n.;21;;Scontro laterale fra veicoli in marcia;Rettilineo;Più di due carreggiate;Asciutto;Asfaltata;Verticale ed orizzontale;Sereno;Intenso;Buona;Ore Diurne;0;0;0;2;12,5269;41,8913;-1;1;Autovettura privata;In marcia / fermata / arresto;Conducente;M;Illeso;0;;;
3545360;6;09/11/2017 06:40;Strada Urbana;PIAZZALE PRENESTINO;in corrispondenza;;del civico n.;21;;Scontro laterale fra veicoli in marcia;Rettilineo;Più di due carreggiate;Asciutto;Asfaltata;Verticale ed orizzontale;Sereno;Intenso;Buona;Ore Diurne;0;0;0;2;12,5269;41,8913;-1;2;Autovettura privata;In marcia / fermata / arresto;Conducente;F;Illeso;0;;;