Protocollo;Gruppo;DataOraIncidente;Localizzazione1;STRADA1;Localizzazione2;STRADA2;Strada02;Chilometrica;DaSpecificare;NaturaIncidente;particolaritastrade;TipoStrada;FondoStradale;Pavimentazione;Segnaletica;CondizioneAtmosferica;Traffico;Visibilita;Illuminazione;NUM_FERITI;NUM_RISERVATA;NUM_MORTI;NUM_ILLESI;Longitudine;Latitudine;Confermato;Progressivo;TipoVeicolo;StatoVeicolo;TipoPersona;Sesso;Tipolesione;Deceduto;DecedutoDopo;CinturaCascoUtilizzato;Airbag
3547882;11;10/11/2017 18:15;Strada Urbana;VIALE GUGLIELMO MARCONI;in corrispondenza;;del civico n.;455;;Tamponamento;Rettilineo;Due carreggiate;Asciutto;Asfaltata;Verticale ed orizzontale;Sereno;Intenso;Buona;Sufficiente;0;0;0;3;12,47207;41,85571;-1;2;Autovettura privata;In marcia / fermata / arresto;Passeggero;M;Illeso;0;;;
3547891;11;09/11/2017 21:00;Strada Urbana;VIA ROSA RAIMONDI GARIBALDI;in prossimità;;del civico n.;30;;Tamponamento;Rettilineo;Una carreggiata a senso unico di marcia;Bagnato (pioggia);Asfaltata;Verticale ed orizzontale;Pioggia in atto;Normale;Sufficiente;Sufficiente;2;0;0;1;12,49172;41,85818;-1;1;Motociclo a solo;In marcia / fermata / arresto;Conducente;M;Rifiuta cure immediate;0;NON DECEDUTO;;
3547891;11;09/11/2017 21:00;Strada Urbana;VIA ROSA RAIMONDI GARIBALDI;in prossimità;;del civico n.;30;;Tamponamento;Rettilineo;Una carreggiata a senso unico di marcia;Bagnato (pioggia);Asfaltata;Verticale ed orizzontale;Pioggia in atto;Normale;Sufficiente;Sufficiente;2;0;0;1;12,49172;41,85818;-1;1;Motociclo a solo;In marcia / fermata / arresto;Passeggero;F;Rifiuta cure immediate;0;NON DECEDUTO;;
3547891;11;09/11/2017 21:00;Strada Urbana;VIA ROSA RAIMONDI GARIBALDI;in prossimità;;del civico n.;30;;Tamponamento;Rettilineo;Una carreggiata a senso unico di marcia;Bagnato (pioggia);Asfaltata;Verticale ed orizzontale;Pioggia in atto;Normale;Sufficiente;Sufficiente;2;0;0;1;12,49172;41,85818;-1;2;Autovettura privata;In marcia / fermata / arresto;Conducente;M;Illeso;0;;;
3547893;13;08/11/2017 11:35;Strada Urbana;VIALE GUGLIELMO MARCONI;da specificare;;;;tratto tra p.le Edison e l.tevere di San Paolo;Tamponamento;Rettilineo;Due carreggiate;Asciutto;Asfaltata;Verticale ed orizzontale;Sereno;Normale;Buona;Ore Diurne;0;0;0;2;12,47099;41,85852;-1;1;Veicolo speciale;In marcia / fermata / arresto;Conducente;M;Illeso;0;;;
3547893;13;08/11/2017 11:35;Strada Urbana;VIALE GUGLIELMO MARCONI;da specificare;;;;tratto tra p.le Edison e l.tevere di San Paolo;Tamponamento;Rettilineo;Due carreggiate;Asciutto;Asfaltata;Verticale ed orizzontale;Sereno;Normale;Buona;Ore Diurne;0;0;0;2;12,47099;41,85852;-1;2;Motociclo con passeggero;In marcia / fermata / arresto;Conducente;M;Illeso;0;;Utilizzato;
3547894;13;10/11/2017 14:30;Strada Urbana;VIA AMEDEO BOCCHI;da specificare;;;;parcheggio adiacente Posta;Scontro laterale fra veicoli in marcia;Rettilineo;Una carreggiata a doppio senso;Asciutto;Asfaltata;Assente;Nuvoloso;Scarso;Buona;Ore Diurne;0;0;0;2;12,35042;41,77603;-1;1;Autovettura privata;In marcia / fermata / arresto;Conducente;F;Illeso;0;;Non accertato;Inesploso
3547894;13;10/11/2017 14:30;Strada Urbana;VIA AMEDEO BOCCHI;da specificare;;;;parcheggio adiacente Posta;Scontro laterale fra veicoli in marcia;Rettilineo;Una carreggiata a doppio senso;Asciutto;Asfaltata;Assente;Nuvoloso;Scarso;Buona;Ore Diurne;0;0;0;2;12,35042;41,77603;-1;2;Autovettura privata;In marcia / fermata / arresto;Conducente;F;Illeso;0;;Non accertato;Inesploso
3547895;8;10/11/2017 09:00;Strada Urbana;VIA DI FONTANA CANDIDA;in prossimità;;del civico n.;387;;Veicolo in marcia contro ostacolo accidentale;Rettilineo;Una carreggiata a doppio senso;Asciutto;Asfaltata;Orizzontale;Nuvoloso;Scarso;Buona;Ore Diurne;0;0;0;1;12,70599;41,83878;-1;1;Autovettura privata;In marcia / fermata / arresto;Conducente;M;Illeso;0;;Non accertato;Inesploso
3547897;13;10/11/2017;Strada Urbana;VIA VINCENZO VANNUTELLI;da specificare;;;;altezza giostre;Veicolo in marcia contro ostacolo fisso;Rettilineo;Una carreggiata a senso unico di marcia;Asciutto;Asfaltata;Assente;Sereno;Normale;Buona;Ore Diurne;0;0;0;1;12,28083;41,7326;-1;1;Autovettura privata;In marcia / fermata / arresto;Conducente;M;Illeso;0;;Non accertato;Inesploso
3547898;20;11/11/2017 07:00;Strada Urbana;VIA DEL FORO ITALICO;da specificare;;;;dir. Salaria alt. via A.S. Giuliano;Veicolo in marcia contro ostacolo fisso;Curva a visuale libera;Due carreggiate;Bagnato (umidità in atto);Asfaltata;Orizzontale;Sereno;Normale;Buona;Ore Diurne;0;0;0;3;12,4603;41,93938;-1;1;Autovettura privata;In marcia / fermata / arresto;Conducente;M;Illeso;0;;Non accertato;Inesploso
3547898;20;11/11/2017 07:00;Strada Urbana;VIA DEL FORO ITALICO;da specificare;;;;dir. Salaria alt. via A.S. Giuliano;Veicolo in marcia contro ostacolo fisso;Curva a visuale libera;Due carreggiate;Bagnato (umidità in atto);Asfaltata;Orizzontale;Sereno;Normale;Buona;Ore Diurne;0;0;0;3;12,4603;41,93938;-1;1;Autovettura privata;In marcia / fermata / arresto;Passeggero;M;Illeso;0;;Non accertato;Inesploso
3547900;13;10/11/2017 17:00;Strada Urbana;VIA DI ACILIA;all'intersezione con;PIAZZA S. LEONARDO DA PORTO MAURIZIO;PIAZZA S. LEONARDO DA PORTO MAURIZIO;;;Scontro laterale fra veicoli in marcia;Incrocio;Una carreggiata a doppio senso;Bagnato (umidità in atto);Asfaltata;Verticale ed orizzontale;Nuvoloso;Normale;Sufficiente;Ore Diurne;1;0;0;2;12,36541;41,78319;-1;1;Autovettura privata;In marcia / fermata / arresto;Conducente;M;Rimandato;0;NON DECEDUTO;;
3547900;13;10/11/2017 17:00;Strada Urbana;VIA DI ACILIA;all'intersezione con;PIAZZA S. LEONARDO DA PORTO MAURIZIO;PIAZZA S. LEONARDO DA PORTO MAURIZIO;;;Scontro laterale fra veicoli in marcia;Incrocio;Una carreggiata a doppio senso;Bagnato (umidità in atto);Asfaltata;Verticale ed orizzontale;Nuvoloso;Normale;Sufficiente;Ore Diurne;1;0;0;2;12,36541;41,78319;-1;2;Autovettura privata;In marcia / fermata / arresto;Conducente;M;Illeso;0;;;
3547900;13;10/11/2017 17:00;Strada Urbana;VIA DI ACILIA;all'intersezione con;PIAZZA S. LEONARDO DA PORTO MAURIZIO;PIAZZA S. LEONARDO DA PORTO MAURIZIO;;;Scontro laterale fra veicoli in marcia;Incrocio;Una carreggiata a doppio senso;Bagnato (umidità in atto);Asfaltata;Verticale ed orizzontale;Nuvoloso;Normale;Sufficiente;Ore Diurne;1;0;0;2;12,36541;41,78319;-1;2;Autovettura privata;In marcia / fermata / arresto;Passeggero;M;Illeso;0;;;
3547904;6;10/11/2017 23:50;Strada Urbana;PIAZZALE PRENESTINO;in prossimità;;del civico n.;33;;Scontro laterale fra veicoli in marcia;Rettilineo;Una carreggiata a senso unico di marcia;Asciutto;Asfaltata;Verticale ed orizzontale;Sereno;Normale;Sufficiente;Sufficiente;0;0;0;2;12,52696;41,89101;-1;1;Autocarro inferiore 35 q.;In marcia / fermata / arresto;Conducente;M;Illeso;0;;;
3547904;6;10/11/2017 23:50;Strada Urbana;PIAZZALE PRENESTINO;in prossimità;;del civico n.;33;;Scontro laterale fra veicoli in marcia;Rettilineo;Una carreggiata a senso unico di marcia;Asciutto;Asfaltata;Verticale ed orizzontale;Sereno;Normale;Sufficiente;Sufficiente;0;0;0;2;12,52696;41,89101;-1;2;Autovettura privata;In marcia / fermata / arresto;Conducente;M;Illeso;0;;;
3547906;13;11/11/2017;Strada Urbana;VIA OSTERIA DI DRAGONCELLO;da specificare;;;;prox. Via Ottaviani;Veicolo in marcia contro ostacolo fisso;Curva senza visuale libera;Una carreggiata a doppio senso;Bagnato (umidità in atto);Asfaltata;Assente;Nuvoloso;Scarso;Insufficiente;Inesistente;0;0;0;2;12,34461;41,7894;-1;1;Autovettura privata;In marcia / fermata / arresto;Conducente;M;Illeso;0;;Non accertato;Inesploso
3547906;13;11/11/2017;Strada Urbana;VIA OSTERIA DI DRAGONCELLO;da specificare;;;;prox. Via Ottaviani;Veicolo in marcia contro ostacolo fisso;Curva senza visuale libera;Una carreggiata a doppio senso;Bagnato (umidità in atto);Asfaltata;Assente;Nuvoloso;Scarso;Insufficiente;Inesistente;0;0;0;2;12,34461;41,7894;-1;1;Autovettura privata;In marcia / fermata / arresto;Passeggero;F;Illeso;0;;Non accertato;
3547909;1;11/11/2017 04:10;Strada Urbana;VIA GIOVANNI GIOLITTI;in corrispondenza;;del civico n.;293;;Investimento di pedone;Rettilineo;Una carreggiata a senso unico di marcia;Asciutto;Asfaltata;Verticale ed orizzontale;Nuvoloso;Normale;Sufficiente;Sufficiente;1;0;0;0;12,50821;41,89579;-1;;;;Pedone;M;Rimandato;0;NON DECEDUTO;;
3547929;15;10/11/2017 07:45;Strada Urbana;VIA PORTUENSE;in prossimità;;del civico n.;471;;Infortunio per sola frenata improvvisa;Rettilineo;Due carreggiate;Bagnato (pioggia);Asfaltata;Orizzontale;Nuvoloso;Intenso;Buona;Ore Diurne;1;0;0;0;12,45266;41,86144;-1;1;Motociclo a solo;In marcia / fermata / arresto;Conducente;M;Rimandato;0;NON DECEDUTO;Utilizzato;
3547934;8;10/11/2017 09:20;Strada Urbana;VIA WALTER TOBAGI;all'intersezione con;VIA CASILINA;VIA CASILINA;;;Veicolo in marcia contro ostacolo fisso;Passaggio a livello (incustodito);Una carreggiata a senso unico di marcia;Bagnato (umidità in atto);Asfaltata;Verticale ed orizzontale;Nuvoloso;Normale;Buona;Ore Diurne;1;0;0;0;12,59721;41,87545;-1;1;Autovettura privata;In marcia / fermata / arresto;Conducente;M;Rifiuta cure immediate;0;NON DECEDUTO;Non accertato;Inesploso
3547938;15;10/11/2017 18:30;Strada Urbana;PIAZZA ANTONIO MEUCCI;da specificare;;;;PROSSIMITA' VIA O. DA GUBBIO ;Scontro laterale fra veicoli in marcia;Rotatoria;Una carreggiata a senso unico di marcia;Asciutto;Asfaltata;Verticale;Nuvoloso;Normale;Insufficiente;Insufficiente;0;0;0;4;12,46394;41,86166;-1;1;Autovettura privata;In marcia / fermata / arresto;Conducente;M;Illeso;0;;Non accertato;Inesploso
3547938;15;10/11/2017 18:30;Strada Urbana;PIAZZA ANTONIO MEUCCI;da specificare;;;;PROSSIMITA' VIA O. DA GUBBIO ;Scontro laterale fra veicoli in marcia;Rotatoria;Una carreggiata a senso unico di marcia;Asciutto;Asfaltata;Verticale;Nuvoloso;Normale;Insufficiente;Insufficiente;0;0;0;4;12,46394;41,86166;-1;2;Autovettura privata;In marcia / fermata / arresto;Conducente;F;Illeso;0;;Non accertato;Inesploso
3547938;15;10/11/2017 18:30;Strada Urbana;PIAZZA ANTONIO MEUCCI;da specificare;;;;PROSSIMITA' VIA O. DA GUBBIO ;Scontro laterale fra veicoli in marcia;Rotatoria;Una carreggiata a senso unico di marcia;Asciutto;Asfaltata;Verticale;Nuvoloso;Normale;Insufficiente;Insufficiente;0;0;0;4;12,46394;41,86166;-1;2;Autovettura privata;In marcia / fermata / arresto;Passeggero;F;Illeso;0;;Non accertato;Inesploso
3547938;15;10/11/2017 18:30;Strada Urbana;PIAZZA ANTONIO MEUCCI;da specificare;;;;PROSSIMITA' VIA O. DA GUBBIO ;Scontro laterale fra veicoli in marcia;Rotatoria;Una carreggiata a senso unico di marcia;Asciutto;Asfaltata;Verticale;Nuvoloso;Normale;Insufficiente;Insufficiente;0;0;0;4;12,46394;41,86166;-1;2;Autovettura privata;In marcia / fermata / arresto;Passeggero;F;Illeso;0;;Non accertato;Inesploso
3547942;15;10/11/2017 17:30;Strada Urbana;VIA DELL'IMBRECCIATO;da specificare;;;;fronte civico 71/A;Veicolo in marcia contro veicolo in sosta;Curva a visuale libera;Una carreggiata a senso unico di marcia;Asciutto;Asfaltata;Verticale ed orizzontale;Nuvoloso;Normale;Buona;Sufficiente;0;0;0;2;12,44752;41,84703;-1;2;Autovettura privata;In marcia / fermata / arresto;Conducente;F;Illeso;0;;;
3547942;15;10/11/2017 17:30;Strada Urbana;VIA DELL'IMBRECCIATO;da specificare;;;;fronte civico 71/A;Veicolo in marcia contro veicolo in sosta;Curva a visuale libera;Una carreggiata a senso unico di marcia;Asciutto;Asfaltata;Verticale ed orizzontale;Nuvoloso;Normale;Buona;Sufficiente;0;0;0;2;12,44752;41,84703;-1;2;Autovettura privata;In marcia / fermata / arresto;Passeggero;M;Illeso;0;;;
3547953;15;10/11/2017 07:10;Strada Urbana;PIAZZA AUGUSTO RIGHI;all'intersezione semaforizzata con;PONTE GUGLIELMO MARCONI;PONTE GUGLIELMO MARCONI;;;Scontro laterale fra veicoli in marcia;Incrocio;Una carreggiata a doppio senso;Bagnato (pioggia);Asfaltata;Verticale ed orizzontale;Nuvoloso;Normale;Buona;Ore Diurne;1;0;0;1;12,47005;41,86177;-1;1;Motociclo a solo;In marcia / fermata / arresto;Conducente;M;Rimandato;0;NON DECEDUTO;Utilizzato;
3547953;15;10/11/2017 07:10;Strada Urbana;PIAZZA AUGUSTO RIGHI;all'intersezione semaforizzata con;PONTE GUGLIELMO MARCONI;PONTE GUGLIELMO MARCONI;;;Scontro laterale fra veicoli in marcia;Incrocio;Una carreggiata a doppio senso;Bagnato (pioggia);Asfaltata;Verticale ed orizzontale;Nuvoloso;Normale;Buona;Ore Diurne;1;0;0;1;12,47005;41,86177;-1;2;Autovettura privata;In marcia / fermata / arresto;Conducente;M;Illeso;0;;Non accertato;
3547958;8;10/11/2017 18:20;Strada Urbana;VIA CASTELVETRANO;all'intersezione con;VIA CALATABIANO;VIA CALATABIANO;;;Tamponamento;Incrocio;Una carreggiata a doppio senso;Asciutto;Asfaltata;Verticale ed orizzontale;Nuvoloso;Normale;Sufficiente;Sufficiente;2;0;0;1;12,66614;41,85652;-1;1;Autovettura privata;In marcia / fermata / arresto;Conducente;M;Illeso;0;;Non accertato;Inesploso
3547958;8;10/11/2017 18:20;Strada Urbana;VIA CASTELVETRANO;all'intersezione con;VIA CALATABIANO;VIA CALATABIANO;;;Tamponamento;Incrocio;Una carreggiata a doppio senso;Asciutto;Asfaltata;Verticale ed orizzontale;Nuvoloso;Normale;Sufficiente;Sufficiente;2;0;0;1;12,66614;41,85652;-1;2;Motociclo con passeggero;In marcia / fermata / arresto;Conducente;M;Rifiuta cure immediate;0;NON DECEDUTO;Non accertato;
3547958;8;10/11/2017 18:20;Strada Urbana;VIA CASTELVETRANO;all'intersezione con;VIA CALATABIANO;VIA CALATABIANO;;;Tamponamento;Incrocio;Una carreggiata a doppio senso;Asciutto;Asfaltata;Verticale ed orizzontale;Nuvoloso;Normale;Sufficiente;Sufficiente;2;0;0;1;12,66614;41,85652;-1;2;Motociclo con passeggero;In marcia / fermata / arresto;Passeggero;F;Rimandato;0;NON DECEDUTO;Non accertato;
3547963;19;10/11/2017 09:15;Strada Urbana;VIA INZAGO;all'intersezione con;VIA COLOGNO MONZESE;VIA COLOGNO MONZESE;;;Investimento di pedone;Intersezione stradale segnalata;Una carreggiata a senso unico di marcia;Bagnato (pioggia);Asfaltata;Verticale ed orizzontale;Nuvoloso;Normale;Buona;Ore Diurne;3;0;0;1;12,39001;41,94735;-1;;;;Pedone;M;Rifiuta cure immediate;0;NON DECEDUTO;;
3547963;19;10/11/2017 09:15;Strada Urbana;VIA INZAGO;all'intersezione con;VIA COLOGNO MONZESE;VIA COLOGNO MONZESE;;;Investimento di pedone;Intersezione stradale segnalata;Una carreggiata a senso unico di marcia;Bagnato (pioggia);Asfaltata;Verticale ed orizzontale;Nuvoloso;Normale;Buona;Ore Diurne;3;0;0;1;12,39001;41,94735;-1;;;;Pedone;F;Rimandato;0;NON DECEDUTO;;
3547963;19;10/11/2017 09:15;Strada Urbana;VIA INZAGO;all'intersezione con;VIA COLOGNO MONZESE;VIA COLOGNO MONZESE;;;Investimento di pedone;Intersezione stradale segnalata;Una carreggiata a senso unico di marcia;Bagnato (pioggia);Asfaltata;Verticale ed orizzontale;Nuvoloso;Normale;Buona;Ore Diurne;3;0;0;1;12,39001;41,94735;-1;1;Autovettura privata;In marcia / fermata / arresto;Conducente;M;Illeso;0;;Non accertato;Inesploso
3547963;19;10/11/2017 09:15;Strada Urbana;VIA INZAGO;all'intersezione con;VIA COLOGNO MONZESE;VIA COLOGNO MONZESE;;;Investimento di pedone;Intersezione stradale segnalata;Una carreggiata a senso unico di marcia;Bagnato (pioggia);Asfaltata;Verticale ed orizzontale;Nuvoloso;Normale;Buona;Ore Diurne;3;0;0;1;12,39001;41,94735;-1;2;Autovettura privata;In marcia / fermata / arresto;Conducente;F;Rifiuta cure immediate;0;NON DECEDUTO;Non accertato;Esploso
3547966;20;10/11/2017 16:50;Strada Urbana;VIALE DI TOR DI QUINTO;in prossimità;;del civico n.;21;;Tamponamento;Rettilineo;Una carreggiata a doppio senso;Asciutto;Asfaltata;Orizzontale;Sereno;Intenso;Sufficiente;Sufficiente;1;0;0;2;12,46747;41,93723;-1;1;Autovettura privata;In marcia / fermata / arresto;Conducente;M;Rimandato;0;NON DECEDUTO;Non accertato;Inesploso
3547966;20;10/11/2017 16:50;Strada Urbana;VIALE DI TOR DI QUINTO;in prossimità;;del civico n.;21;;Tamponamento;Rettilineo;Una carreggiata a doppio senso;Asciutto;Asfaltata;Orizzontale;Sereno;Intenso;Sufficiente;Sufficiente;1;0;0;2;12,46747;41,93723;-1;1;Autovettura privata;In marcia / fermata / arresto;Passeggero;F;Illeso;0;;Non accertato;Inesploso
3547966;20;10/11/2017 16:50;Strada Urbana;VIALE DI TOR DI QUINTO;in prossimità;;del civico n.;21;;Tamponamento;Rettilineo;Una carreggiata a doppio senso;Asciutto;Asfaltata;Orizzontale;Sereno;Intenso;Sufficiente;Sufficiente;1;0;0;2;12,46747;41,93723;-1;2;Autovettura privata;In marcia / fermata / arresto;Conducente;F;Illeso;0;;Non accertato;Inesploso
3547991;19;10/11/2017 09:45;Strada Urbana;VIA MATTIA BATTISTINI;da specificare;;;;pross. Via delle Calasanziane;Veicolo in marcia contro veicoli in sosta;Rettilineo;Una carreggiata a doppio senso;Bagnato (umidità in atto);Asfaltata;Orizzontale;Nuvoloso;Normale;Buona;Ore Diurne;0;0;0;1;12,41845;41,91851;-1;1;Autovettura privata;In marcia / fermata / arresto;Conducente;M;Illeso;0;;Non accertato;Inesploso
3547993;20;10/11/2017 15:50;Strada Urbana;VIALE DI TOR DI QUINTO;in prossimità;;del civico n.;64;;Scontro frontale/laterale DX fra veicoli in marcia;Rettilineo;Una carreggiata a doppio senso;Asciutto;Asfaltata;Orizzontale;Sereno;Intenso;Buona;Ore Diurne;0;0;0;2;12,4786;41,93832;-1;1;Autovettura privata;In marcia / fermata / arresto;Conducente;M;Illeso;0;;;
3547993;20;10/11/2017 15:50;Strada Urbana;VIALE DI TOR DI QUINTO;in prossimità;;del civico n.;64;;Scontro frontale/laterale DX fra veicoli in marcia;Rettilineo;Una carreggiata a doppio senso;Asciutto;Asfaltata;Orizzontale;Sereno;Intenso;Buona;Ore Diurne;0;0;0;2;12,4786;41,93832;-1;2;Quadriciclo leggero;In marcia / fermata / arresto;Conducente;F;Illeso;0;;;
3548042;20;10/11/2017 17:55;Strada Urbana;VIA DELLA GIUSTINIANA;all'intersezione con;VIA DI S. CORNELIA;VIA DI S. CORNELIA;;;Scontro frontale/laterale DX fra veicoli in marcia;Incrocio;Una carreggiata a doppio senso;Asciutto;Asfaltata;Verticale ed orizzontale;Nuvoloso;Scarso;Buona;Sufficiente;0;0;0;2;12,47373;42,00748;-1;1;Motociclo a solo;In marcia / fermata / arresto;Conducente;M;Illeso;0;;;
3548042;20;10/11/2017 17:55;Strada Urbana;VIA DELLA GIUSTINIANA;all'intersezione con;VIA DI S. CORNELIA;VIA DI S. CORNELIA;;;Scontro frontale/laterale DX fra veicoli in marcia;Incrocio;Una carreggiata a doppio senso;Asciutto;Asfaltata;Verticale ed orizzontale;Nuvoloso;Scarso;Buona;Sufficiente;0;0;0;2;12,47373;42,00748;-1;2;Autovettura privata;In marcia / fermata / arresto;Conducente;M;Illeso;0;;;
3548043;17;10/11/2017 11:20;Strada Urbana;VIA RUFFINI;in prossimità;;del civico n.;1;;Veicolo in marcia contro veicolo in sosta;;Una carreggiata a doppio senso;Asciutto;Asfaltata;Verticale ed orizzontale;Nuvoloso;Normale;Buona;Ore Diurne;0;0;0;2;12,46565;41,91601;0;1;Autovettura privata;In marcia / fermata / arresto;Conducente;M;Illeso;0;;;
3548043;17;10/11/2017 11:20;Strada Urbana;VIA RUFFINI;in prossimità;;del civico n.;1;;Veicolo in marcia contro veicolo in sosta;;Una carreggiata a doppio senso;Asciutto;Asfaltata;Verticale ed orizzontale;Nuvoloso;Normale;Buona;Ore Diurne;0;0;0;2;12,46565;41,91601;0;2;Autovettura privata;In marcia / fermata / arresto;Conducente;F;Illeso;0;;;
3548050;19;10/11/2017 10:00;Strada Urbana;VIA RIVOLI;in prossimità;;del civico n.;43;;Scontro laterale fra veicoli in marcia;Curva senza visuale libera;Una carreggiata a doppio senso;Asciutto;Asfaltata;Assente;Nuvoloso;Scarso;Buona;Ore Diurne;0;0;0;2;12,35562;41,95209;-1;1;Autovettura privata;In marcia / fermata / arresto;Conducente;F;Illeso;0;;Non accertato;Inesploso
3548050;19;10/11/2017 10:00;Strada Urbana;VIA RIVOLI;in prossimità;;del civico n.;43;;Scontro laterale fra veicoli in marcia;Curva senza visuale libera;Una carreggiata a doppio senso;Asciutto;Asfaltata;Assente;Nuvoloso;Scarso;Buona;Ore Diurne;0;0;0;2;12,35562;41,95209;-1;2;Autocarro inferiore 35 q.;In marcia / fermata / arresto;Conducente;M;Illeso;0;;Non accertato;Inesploso
3548052;23;10/11/2017 08:45;Strada Urbana;VIA DI ACILIA;da specificare;;;;altezza albero n.7216;Scontro laterale fra veicoli in marcia;Rettilineo;Una carreggiata a doppio senso;Bagnato (umidità in atto);Asfaltata;Orizzontale;Nuvoloso;Intenso;Buona;Ore Diurne;2;0;0;1;12,38207;41,76569;-1;1;Autovettura privata;In marcia / fermata / arresto;Conducente;F;Illeso;0;;Non accertato;Inesistente
3548052;23;10/11/2017 08:45;Strada Urbana;VIA DI ACILIA;da specificare;;;;altezza albero n.7216;Scontro laterale fra veicoli in marcia;Rettilineo;Una carreggiata a doppio senso;Bagnato (umidità in atto);Asfaltata;Orizzontale;Nuvoloso;Intenso;Buona;Ore Diurne;2;0;0;1;12,38207;41,76569;-1;2;Motociclo con passeggero;In marcia / fermata / arresto;Conducente;M;Rimandato;0;NON DECEDUTO;Non accertato;
3548052;23;10/11/2017 08:45;Strada Urbana;VIA DI ACILIA;da specificare;;;;altezza albero n.7216;Scontro laterale fra veicoli in marcia;Rettilineo;Una carreggiata a doppio senso;Bagnato (umidità in atto);Asfaltata;Orizzontale;Nuvoloso;Intenso;Buona;Ore Diurne;2;0;0;1;12,38207;41,76569;-1;2;Motociclo con passeggero;In marcia / fermata / arresto;Passeggero;F;Rimandato;0;NON DECEDUTO;Non accertato;
3548063;20;10/11/2017 15:30;Strada Urbana;VIA DEL FORO ITALICO;da specificare;;;;dir. Salaria alt. Tor di Quinto;Scontro laterale fra veicoli in marcia;Rettilineo;Due carreggiate;Asciutto;Asfaltata;Verticale ed orizzontale;Nuvoloso;Intenso;Buona;Ore Diurne;0;0;0;2;12,48375;41,93991;-1;1;Autovettura privata;In marcia / fermata / arresto;Conducente;M;Illeso;0;;;
3548063;20;10/11/2017 15:30;Strada Urbana;VIA DEL FORO ITALICO;da specificare;;;;dir. Salaria alt. Tor di Quinto;Scontro laterale fra veicoli in marcia;Rettilineo;Due carreggiate;Asciutto;Asfaltata;Verticale ed orizzontale;Nuvoloso;Intenso;Buona;Ore Diurne;0;0;0;2;12,48375;41,93991;-1;1;Autovettura privata;In marcia / fermata / arresto;Passeggero;M;Illeso;0;;;
3548065;19;10/11/2017 12:40;Strada Urbana;VIA DELLA PINETA SACCHETTI;in prossimità;;del civico n.;450;;Tamponamento;Rettilineo;Una carreggiata a senso unico di marcia;Asciutto;Asfaltata;Assente;Nuvoloso;Normale;Buona;Ore Diurne;0;0;0;3;12,42614;41,92523;-1;1;Autovettura privata;In marcia / fermata / arresto;Conducente;F;Illeso;0;;Non accertato;Inesploso
3548065;19;10/11/2017 12:40;Strada Urbana;VIA DELLA PINETA SACCHETTI;in prossimità;;del civico n.;450;;Tamponamento;Rettilineo;Una carreggiata a senso unico di marcia;Asciutto;Asfaltata;Assente;Nuvoloso;Normale;Buona;Ore Diurne;0;0;0;3;12,42614;41,92523;-1;2;Autocarro inferiore 35 q.;In marcia / fermata / arresto;Conducente;M;Illeso;0;;Non accertato;Inesploso
3548065;19;10/11/2017 12:40;Strada Urbana;VIA DELLA PINETA SACCHETTI;in prossimità;;del civico n.;450;;Tamponamento;Rettilineo;Una carreggiata a senso unico di marcia;Asciutto;Asfaltata;Assente;Nuvoloso;Normale;Buona;Ore Diurne;0;0;0;3;12,42614;41,92523;-1;2;Autocarro inferiore 35 q.;In marcia / fermata / arresto;Passeggero;M;Illeso;0;;Non accertato;Inesploso
3548080;19;10/11/2017 15:50;Strada Urbana;VIA ANDERSEN;da specificare;;;;prossimità  depuratore;Tamponamento Multiplo;Rettilineo;Una carreggiata a doppio senso;Asciutto;Asfaltata;Orizzontale;Nuvoloso;Intenso;Buona;Sufficiente;0;0;0;3;12,39437;41,9191;-1;1;Autovettura privata;In marcia / fermata / arresto;Conducente;F;Illeso;0;;Non accertato;Inesploso
3548080;19;10/11/2017 15:50;Strada Urbana;VIA ANDERSEN;da specificare;;;;prossimità  depuratore;Tamponamento Multiplo;Rettilineo;Una carreggiata a doppio senso;Asciutto;Asfaltata;Orizzontale;Nuvoloso;Intenso;Buona;Sufficiente;0;0;0;3;12,39437;41,9191;-1;2;Autovettura privata;In marcia / fermata / arresto;Conducente;F;Illeso;0;;Non accertato;Inesploso
3548080;19;10/11/2017 15:50;Strada Urbana;VIA ANDERSEN;da specificare;;;;prossimità  depuratore;Tamponamento Multiplo;Rettilineo;Una carreggiata a doppio senso;Asciutto;Asfaltata;Orizzontale;Nuvoloso;Intenso;Buona;Sufficiente;0;0;0;3;12,39437;41,9191;-1;3;Autovettura privata;In marcia / fermata / arresto;Conducente;M;Illeso;0;;Non accertato;Inesploso
3548086;17;10/11/2017 12:50;Strada Urbana;VIA VIRGILIO;all'intersezione con;VIA PLINIO;VIA PLINIO;;;Scontro frontale fra veicoli in marcia;Incrocio;Una carreggiata a senso unico di marcia;Asciutto;Asfaltata;Verticale ed orizzontale;Nuvoloso;Normale;Buona;Ore Diurne;0;0;0;1;12,46541;41,9073;-1;2;Velocipede;In marcia / fermata / arresto;Conducente;F;Illeso;0;;Esente;