Protocollo;Gruppo;DataOraIncidente;Localizzazione1;STRADA1;Localizzazione2;STRADA2;Strada02;Chilometrica;DaSpecificare;NaturaIncidente;particolaritastrade;TipoStrada;FondoStradale;Pavimentazione;Segnaletica;CondizioneAtmosferica;Traffico;Visibilita;Illuminazione;NUM_FERITI;NUM_RISERVATA;NUM_MORTI;NUM_ILLESI;Longitudine;Latitudine;Confermato;Progressivo;TipoVeicolo;StatoVeicolo;TipoPersona;Sesso;Tipolesione;Deceduto;DecedutoDopo;CinturaCascoUtilizzato;Airbag
3549779;15;11/11/2017 18:45;Comunale extraurbana;VIALE SALVATORE REBECCHINI;da specificare;;;;AREA PARCHEGGIO PROSS.TA' PALO ACEA 18;Scontro frontale/laterale DX fra veicoli in marcia;Rettilineo;Una carreggiata a doppio senso;Asciutto;Asfaltata;Verticale ed orizzontale;Sereno;Normale;Sufficiente;Sufficiente;0;0;0;2;12,40611;41,81705;-1;1;Autovettura privata;In marcia / fermata / arresto;Conducente;M;Illeso;0;;;
3549779;15;11/11/2017 18:45;Comunale extraurbana;VIALE SALVATORE REBECCHINI;da specificare;;;;AREA PARCHEGGIO PROSS.TA' PALO ACEA 18;Scontro frontale/laterale DX fra veicoli in marcia;Rettilineo;Una carreggiata a doppio senso;Asciutto;Asfaltata;Verticale ed orizzontale;Sereno;Normale;Sufficiente;Sufficiente;0;0;0;2;12,40611;41,81705;-1;2;Autovettura privata;In marcia / fermata / arresto;Conducente;F;Illeso;0;;;
3549783;15;11/11/2017 21:00;Strada Urbana;VIA ANDREA MANTEGNA;all'intersezione con;VIA PAOLO VERONESE;VIA PAOLO VERONESE;;;Investimento di pedone;Incrocio;Una carreggiata a doppio senso;Asciutto;Asfaltata;Verticale ed orizzontale;Sereno;Scarso;Sufficiente;Sufficiente;1;0;0;1;12,49518;41,85254;-1;;;;Pedone;M;Rimandato;0;NON DECEDUTO;;
3549783;15;11/11/2017 21:00;Strada Urbana;VIA ANDREA MANTEGNA;all'intersezione con;VIA PAOLO VERONESE;VIA PAOLO VERONESE;;;Investimento di pedone;Incrocio;Una carreggiata a doppio senso;Asciutto;Asfaltata;Verticale ed orizzontale;Sereno;Scarso;Sufficiente;Sufficiente;1;0;0;1;12,49518;41,85254;-1;1;Autovettura privata;In marcia / fermata / arresto;Conducente;M;Illeso;0;;Utilizzato;
3549787;15;12/11/2017 06:40;Strada Urbana;VIA DELL'IMPRUNETA;in corrispondenza;;del civico n.;66/B;;Scontro frontale/laterale DX fra veicoli in marcia;Rettilineo;Due carreggiate;Asciutto;Asfaltata;Orizzontale;Sereno;Scarso;Buona;Sufficiente;0;0;0;2;12,45913;41,84635;-1;1;Autovettura privata;In marcia / fermata / arresto;Conducente;M;Illeso;0;;Utilizzato;
3549787;15;12/11/2017 06:40;Strada Urbana;VIA DELL'IMPRUNETA;in corrispondenza;;del civico n.;66/B;;Scontro frontale/laterale DX fra veicoli in marcia;Rettilineo;Due carreggiate;Asciutto;Asfaltata;Orizzontale;Sereno;Scarso;Buona;Sufficiente;0;0;0;2;12,45913;41,84635;-1;2;Autovettura privata;In marcia / fermata / arresto;Conducente;M;Illeso;0;;Utilizzato;
3549835;20;12/11/2017 18:15;Strada Urbana;VIA DELLA CAMILLUCCIA;in prossimità;;del civico n.;364;;Veicolo in marcia contro ostacolo fisso;Curva a visuale libera;Una carreggiata a doppio senso;Bagnato (pioggia);Asfaltata;Orizzontale;Pioggia in atto;Normale;Sufficiente;Sufficiente;1;0;0;0;12,44423;41,93995;-1;1;Autovettura privata;In marcia / fermata / arresto;Conducente;M;Ricoverato;0;NON DECEDUTO;Non accertato;Inesploso
3549838;13;12/11/2017 15:30;Strada Urbana;VIA CORRADO DEL GRECO;all'intersezione con;VIA ARISTIDE CARABELLI;VIA ARISTIDE CARABELLI;;;Scontro frontale/laterale SX fra veicoli in marcia;Incrocio;Una carreggiata a doppio senso;Bagnato (pioggia);Asfaltata;Verticale ed orizzontale;Pioggia in atto;Normale;Buona;Ore Diurne;0;0;0;3;12,26877;41,73786;-1;1;Autovettura privata;In marcia / fermata / arresto;Conducente;M;Illeso;0;;;
3549838;13;12/11/2017 15:30;Strada Urbana;VIA CORRADO DEL GRECO;all'intersezione con;VIA ARISTIDE CARABELLI;VIA ARISTIDE CARABELLI;;;Scontro frontale/laterale SX fra veicoli in marcia;Incrocio;Una carreggiata a doppio senso;Bagnato (pioggia);Asfaltata;Verticale ed orizzontale;Pioggia in atto;Normale;Buona;Ore Diurne;0;0;0;3;12,26877;41,73786;-1;1;Autovettura privata;In marcia / fermata / arresto;Passeggero;F;Illeso;0;;Non accertato;
3549838;13;12/11/2017 15:30;Strada Urbana;VIA CORRADO DEL GRECO;all'intersezione con;VIA ARISTIDE CARABELLI;VIA ARISTIDE CARABELLI;;;Scontro frontale/laterale SX fra veicoli in marcia;Incrocio;Una carreggiata a doppio senso;Bagnato (pioggia);Asfaltata;Verticale ed orizzontale;Pioggia in atto;Normale;Buona;Ore Diurne;0;0;0;3;12,26877;41,73786;-1;2;Autovettura privata;In marcia / fermata / arresto;Conducente;M;Illeso;0;;;
3549887;13;12/11/2017 14:15;Strada Urbana;VIA ALBERTO FRANCHETTI;all'intersezione con;VIA ANTONIO LOTTI;VIA ANTONIO LOTTI;;;Scontro frontale/laterale DX fra veicoli in marcia;Incrocio;Una carreggiata a doppio senso;Bagnato (pioggia);Con buche;Assente;Pioggia in atto;Scarso;Buona;Ore Diurne;0;0;0;2;12,37475;41,7558;-1;1;Autovettura privata;In marcia / fermata / arresto;Conducente;F;Illeso;0;;Non accertato;Inesploso
3549887;13;12/11/2017 14:15;Strada Urbana;VIA ALBERTO FRANCHETTI;all'intersezione con;VIA ANTONIO LOTTI;VIA ANTONIO LOTTI;;;Scontro frontale/laterale DX fra veicoli in marcia;Incrocio;Una carreggiata a doppio senso;Bagnato (pioggia);Con buche;Assente;Pioggia in atto;Scarso;Buona;Ore Diurne;0;0;0;2;12,37475;41,7558;-1;2;Autovettura privata;In marcia / fermata / arresto;Conducente;F;Illeso;0;;Non accertato;Inesploso
3550180;13;12/11/2017 16:00;Strada Urbana;VIA PADRE MASSARUTI;in corrispondenza;;del civico n.;100;;Veicolo in marcia contro ostacolo accidentale;Rettilineo;Una carreggiata a doppio senso;Bagnato (pioggia);Asfaltata;Orizzontale;Pioggia in atto;Scarso;Sufficiente;Sufficiente;0;0;0;1;12,35255;41,76508;-1;1;Autovettura privata;In marcia / fermata / arresto;Conducente;F;Illeso;0;;Non accertato;Inesploso
3550192;9;12/11/2017 20:00;;VIA ANAGNINA;da specificare;;;;alt.cavalcavia direz.ne centro capolinea atac;Investimento di pedone;;;;;;;;;;1;0;0;1;;;0;;;;Pedone;M;Ricoverato;0;NON DECEDUTO;;
3550192;9;12/11/2017 20:00;;VIA ANAGNINA;da specificare;;;;alt.cavalcavia direz.ne centro capolinea atac;Investimento di pedone;;;;;;;;;;1;0;0;1;;;0;1;Autovettura privata;In marcia / fermata / arresto;Conducente;M;Illeso;0;;;
3550198;10;11/11/2017 22:50;Provinciale entro l'abitato;VIA ANAGNINA;in corrispondenza;;del civico n.;229/b;;Scontro frontale/laterale SX fra veicoli in marcia;Rettilineo;Più di due carreggiate;Asciutto;Asfaltata;Orizzontale;Sereno;Scarso;Buona;Sufficiente;0;0;0;3;12,60486;41,82449;-1;1;Autovettura privata;In marcia / fermata / arresto;Conducente;M;Illeso;0;;Non accertato;Inesploso
3550198;10;11/11/2017 22:50;Provinciale entro l'abitato;VIA ANAGNINA;in corrispondenza;;del civico n.;229/b;;Scontro frontale/laterale SX fra veicoli in marcia;Rettilineo;Più di due carreggiate;Asciutto;Asfaltata;Orizzontale;Sereno;Scarso;Buona;Sufficiente;0;0;0;3;12,60486;41,82449;-1;2;Autovettura privata;In marcia / fermata / arresto;Conducente;M;Illeso;0;;Non accertato;Inesploso
3550198;10;11/11/2017 22:50;Provinciale entro l'abitato;VIA ANAGNINA;in corrispondenza;;del civico n.;229/b;;Scontro frontale/laterale SX fra veicoli in marcia;Rettilineo;Più di due carreggiate;Asciutto;Asfaltata;Orizzontale;Sereno;Scarso;Buona;Sufficiente;0;0;0;3;12,60486;41,82449;-1;3;Autovettura privata;In marcia / fermata / arresto;Conducente;M;Illeso;0;;Non accertato;Inesploso
3550203;10;10/11/2017 15:25;Strada Urbana;VIA TORRE DI MEZZAVIA;da specificare;;;;ROTATORIA VIA RUGGERO JACOBBI;Scontro laterale fra veicoli in marcia;Rettilineo;Una carreggiata a doppio senso;Asciutto;Asfaltata;Assente;Nuvoloso;Normale;Buona;Ore Diurne;0;0;0;3;12,59551;41,83484;-1;1;Autovettura privata;In marcia / fermata / arresto;Conducente;M;Illeso;0;;Non accertato;Inesploso
3550203;10;10/11/2017 15:25;Strada Urbana;VIA TORRE DI MEZZAVIA;da specificare;;;;ROTATORIA VIA RUGGERO JACOBBI;Scontro laterale fra veicoli in marcia;Rettilineo;Una carreggiata a doppio senso;Asciutto;Asfaltata;Assente;Nuvoloso;Normale;Buona;Ore Diurne;0;0;0;3;12,59551;41,83484;-1;1;Autovettura privata;In marcia / fermata / arresto;Passeggero;F;Illeso;0;;Non accertato;Inesploso
3550203;10;10/11/2017 15:25;Strada Urbana;VIA TORRE DI MEZZAVIA;da specificare;;;;ROTATORIA VIA RUGGERO JACOBBI;Scontro laterale fra veicoli in marcia;Rettilineo;Una carreggiata a doppio senso;Asciutto;Asfaltata;Assente;Nuvoloso;Normale;Buona;Ore Diurne;0;0;0;3;12,59551;41,83484;-1;2;Autovettura privata;In marcia / fermata / arresto;Conducente;M;Illeso;0;;Non accertato;Inesploso
3550212;13;12/11/2017 20:15;;VIA LUIGI PIETROBONO;in corrispondenza;;del civico n.;11;;Veicolo in marcia contro ostacolo accidentale;;;;;;;;;;0;0;0;2;;;0;1;Autovettura privata;In marcia / fermata / arresto;Conducente;M;Illeso;0;;;
3550212;13;12/11/2017 20:15;;VIA LUIGI PIETROBONO;in corrispondenza;;del civico n.;11;;Veicolo in marcia contro ostacolo accidentale;;;;;;;;;;0;0;0;2;;;0;1;Autovettura privata;In marcia / fermata / arresto;Passeggero;F;Illeso;0;;Non accertato;
3550229;10;11/11/2017 01:55;Strada Urbana;VIALE DEI CONSOLI;all'intersezione con;PIAZZA DEI CONSOLI;PIAZZA DEI CONSOLI;;;Scontro frontale/laterale SX fra veicoli in marcia;Incrocio;Due carreggiate;Asciutto;Asfaltata;Verticale ed orizzontale;Sereno;Scarso;Buona;Sufficiente;2;0;0;3;12,55379;41,86367;-1;1;Autovettura privata;In marcia / fermata / arresto;Conducente;F;Rimandato;0;NON DECEDUTO;Non accertato;Inesploso
3550229;10;11/11/2017 01:55;Strada Urbana;VIALE DEI CONSOLI;all'intersezione con;PIAZZA DEI CONSOLI;PIAZZA DEI CONSOLI;;;Scontro frontale/laterale SX fra veicoli in marcia;Incrocio;Due carreggiate;Asciutto;Asfaltata;Verticale ed orizzontale;Sereno;Scarso;Buona;Sufficiente;2;0;0;3;12,55379;41,86367;-1;1;Autovettura privata;In marcia / fermata / arresto;Passeggero;F;Rimandato;0;NON DECEDUTO;Non accertato;Inesploso
3550229;10;11/11/2017 01:55;Strada Urbana;VIALE DEI CONSOLI;all'intersezione con;PIAZZA DEI CONSOLI;PIAZZA DEI CONSOLI;;;Scontro frontale/laterale SX fra veicoli in marcia;Incrocio;Due carreggiate;Asciutto;Asfaltata;Verticale ed orizzontale;Sereno;Scarso;Buona;Sufficiente;2;0;0;3;12,55379;41,86367;-1;2;Autovettura privata;In marcia / fermata / arresto;Conducente;F;Illeso;0;;Non accertato;Inesploso
3550229;10;11/11/2017 01:55;Strada Urbana;VIALE DEI CONSOLI;all'intersezione con;PIAZZA DEI CONSOLI;PIAZZA DEI CONSOLI;;;Scontro frontale/laterale SX fra veicoli in marcia;Incrocio;Due carreggiate;Asciutto;Asfaltata;Verticale ed orizzontale;Sereno;Scarso;Buona;Sufficiente;2;0;0;3;12,55379;41,86367;-1;2;Autovettura privata;In marcia / fermata / arresto;Passeggero;F;Illeso;0;;Non accertato;Inesploso
3550229;10;11/11/2017 01:55;Strada Urbana;VIALE DEI CONSOLI;all'intersezione con;PIAZZA DEI CONSOLI;PIAZZA DEI CONSOLI;;;Scontro frontale/laterale SX fra veicoli in marcia;Incrocio;Due carreggiate;Asciutto;Asfaltata;Verticale ed orizzontale;Sereno;Scarso;Buona;Sufficiente;2;0;0;3;12,55379;41,86367;-1;2;Autovettura privata;In marcia / fermata / arresto;Passeggero;F;Illeso;0;;Non accertato;Inesploso
3550231;10;11/11/2017 14:50;Strada Urbana;VIA DEI SETTE METRI;all'intersezione con;VIA DEL CASALE AGOSTINELLI;VIA DEL CASALE AGOSTINELLI;;;Scontro frontale/laterale DX fra veicoli in marcia;Incrocio;Una carreggiata a doppio senso;Asciutto;Asfaltata;Verticale ed orizzontale;Sereno;Normale;Buona;Ore Diurne;0;0;0;2;12,60452;41,81311;-1;1;Autovettura privata;In marcia / fermata / arresto;Conducente;F;Illeso;0;;;
3550231;10;11/11/2017 14:50;Strada Urbana;VIA DEI SETTE METRI;all'intersezione con;VIA DEL CASALE AGOSTINELLI;VIA DEL CASALE AGOSTINELLI;;;Scontro frontale/laterale DX fra veicoli in marcia;Incrocio;Una carreggiata a doppio senso;Asciutto;Asfaltata;Verticale ed orizzontale;Sereno;Normale;Buona;Ore Diurne;0;0;0;2;12,60452;41,81311;-1;2;Autovettura privata;In marcia / fermata / arresto;Conducente;M;Illeso;0;;Non accertato;Inesploso
3550232;9;13/11/2017 02:40;Strada Urbana;VIA GIUSEPPE CHIOVENDA;all'intersezione semaforizzata con;VIALE PALMIRO TOGLIATTI;VIALE PALMIRO TOGLIATTI;;;Scontro frontale/laterale SX fra veicoli in marcia;Intersezione semaforizzata;Una carreggiata a doppio senso;Bagnato (pioggia);Asfaltata;Verticale ed orizzontale;Nuvoloso;Scarso;Buona;Sufficiente;1;0;0;1;12,57127;41,85928;-1;1;Autovettura privata;In marcia / fermata / arresto;Conducente;F;Rimandato;0;NON DECEDUTO;Non accertato;Inesploso
3550232;9;13/11/2017 02:40;Strada Urbana;VIA GIUSEPPE CHIOVENDA;all'intersezione semaforizzata con;VIALE PALMIRO TOGLIATTI;VIALE PALMIRO TOGLIATTI;;;Scontro frontale/laterale SX fra veicoli in marcia;Intersezione semaforizzata;Una carreggiata a doppio senso;Bagnato (pioggia);Asfaltata;Verticale ed orizzontale;Nuvoloso;Scarso;Buona;Sufficiente;1;0;0;1;12,57127;41,85928;-1;2;Autocarro inferiore 35 q.;In marcia / fermata / arresto;Conducente;M;Illeso;0;;Non accertato;Inesploso
3550236;15;12/11/2017 19:15;Strada Urbana;VIADOTTO DELLA MAGLIANA;da specificare;;;;prox.tà Via del Cappellaccio dir. Fiumicino;Scontro laterale fra veicoli in marcia;Curva senza visuale libera;Due carreggiate;Bagnato (umidità in atto);Asfaltata;Verticale ed orizzontale;Nebbia;Normale;Sufficiente;Sufficiente;0;0;0;4;12,46314;41,84172;-1;1;Autovettura privata;In marcia / fermata / arresto;Conducente;F;Illeso;0;;Utilizzato;Inesploso
3550236;15;12/11/2017 19:15;Strada Urbana;VIADOTTO DELLA MAGLIANA;da specificare;;;;prox.tà Via del Cappellaccio dir. Fiumicino;Scontro laterale fra veicoli in marcia;Curva senza visuale libera;Due carreggiate;Bagnato (umidità in atto);Asfaltata;Verticale ed orizzontale;Nebbia;Normale;Sufficiente;Sufficiente;0;0;0;4;12,46314;41,84172;-1;1;Autovettura privata;In marcia / fermata / arresto;Passeggero;M;Illeso;0;;Non accertato;Inesploso
3550236;15;12/11/2017 19:15;Strada Urbana;VIADOTTO DELLA MAGLIANA;da specificare;;;;prox.tà Via del Cappellaccio dir. Fiumicino;Scontro laterale fra veicoli in marcia;Curva senza visuale libera;Due carreggiate;Bagnato (umidità in atto);Asfaltata;Verticale ed orizzontale;Nebbia;Normale;Sufficiente;Sufficiente;0;0;0;4;12,46314;41,84172;-1;2;Autovettura di polizia;In marcia / fermata / arresto;Conducente;M;Illeso;0;;Non accertato;Inesploso
3550236;15;12/11/2017 19:15;Strada Urbana;VIADOTTO DELLA MAGLIANA;da specificare;;;;prox.tà Via del Cappellaccio dir. Fiumicino;Scontro laterale fra veicoli in marcia;Curva senza visuale libera;Due carreggiate;Bagnato (umidità in atto);Asfaltata;Verticale ed orizzontale;Nebbia;Normale;Sufficiente;Sufficiente;0;0;0;4;12,46314;41,84172;-1;2;Autovettura di polizia;In marcia / fermata / arresto;Passeggero;M;Illeso;0;;Non utilizzato;Inesploso
3550238;10;10/11/2017 16:40;Strada Urbana;VIA LUCIO PAPIRIO;in corrispondenza;;del civico n.;107;;Veicolo in marcia contro veicolo fermo;Rettilineo;Una carreggiata a senso unico di marcia;Asciutto;Asfaltata;Assente;Sereno;Normale;Sufficiente;Sufficiente;0;0;0;2;12,56077;41,85346;-1;1;Autovettura privata;In marcia / fermata / arresto;Conducente;M;Illeso;0;;Non accertato;Inesploso
3550238;10;10/11/2017 16:40;Strada Urbana;VIA LUCIO PAPIRIO;in corrispondenza;;del civico n.;107;;Veicolo in marcia contro veicolo fermo;Rettilineo;Una carreggiata a senso unico di marcia;Asciutto;Asfaltata;Assente;Sereno;Normale;Sufficiente;Sufficiente;0;0;0;2;12,56077;41,85346;-1;2;Autovettura privata;In marcia / fermata / arresto;Conducente;F;Illeso;0;;Non accertato;Inesploso
3550239;7;11/11/2017 18:00;Strada Urbana;VIA DEI CICLAMINI;in corrispondenza;;del civico n.;88;;Investimento di pedone;Rettilineo;Una carreggiata a doppio senso;Asciutto;Asfaltata;Orizzontale;Sereno;Normale;Sufficiente;Sufficiente;1;0;0;1;12,56608;41,89159;-1;;;;Pedone;M;Rimandato;0;NON DECEDUTO;;
3550239;7;11/11/2017 18:00;Strada Urbana;VIA DEI CICLAMINI;in corrispondenza;;del civico n.;88;;Investimento di pedone;Rettilineo;Una carreggiata a doppio senso;Asciutto;Asfaltata;Orizzontale;Sereno;Normale;Sufficiente;Sufficiente;1;0;0;1;12,56608;41,89159;-1;1;Autovettura privata;In marcia / fermata / arresto;Conducente;M;Illeso;0;;Non accertato;Inesploso
3550241;5;10/11/2017 07:10;Strada Urbana;VIA TIBURTINA;all'intersezione semaforizzata con;VIA PIETRO OTTOBONI;VIA PIETRO OTTOBONI;;;Scontro frontale/laterale DX fra veicoli in marcia;Intersezione semaforizzata;Due carreggiate;Bagnato (umidità in atto);Asfaltata;Verticale ed orizzontale;Nuvoloso;Normale;Buona;Ore Diurne;0;0;0;3;12,53974;41,90843;-1;1;Autovettura privata;In marcia / fermata / arresto;Conducente;M;Illeso;0;;Non accertato;
3550241;5;10/11/2017 07:10;Strada Urbana;VIA TIBURTINA;all'intersezione semaforizzata con;VIA PIETRO OTTOBONI;VIA PIETRO OTTOBONI;;;Scontro frontale/laterale DX fra veicoli in marcia;Intersezione semaforizzata;Due carreggiate;Bagnato (umidità in atto);Asfaltata;Verticale ed orizzontale;Nuvoloso;Normale;Buona;Ore Diurne;0;0;0;3;12,53974;41,90843;-1;2;Autovettura privata;In marcia / fermata / arresto;Conducente;M;Illeso;0;;Non accertato;
3550241;5;10/11/2017 07:10;Strada Urbana;VIA TIBURTINA;all'intersezione semaforizzata con;VIA PIETRO OTTOBONI;VIA PIETRO OTTOBONI;;;Scontro frontale/laterale DX fra veicoli in marcia;Intersezione semaforizzata;Due carreggiate;Bagnato (umidità in atto);Asfaltata;Verticale ed orizzontale;Nuvoloso;Normale;Buona;Ore Diurne;0;0;0;3;12,53974;41,90843;-1;2;Autovettura privata;In marcia / fermata / arresto;Passeggero;F;Illeso;0;;Non accertato;
3550247;20;11/11/2017 15:00;Strada Urbana;PIAZZALE MARESCIALLO GIARDINO;all'intersezione semaforizzata con;LUNGOTEVERE MARESCIALLO CADORNA;LUNGOTEVERE MARESCIALLO CADORNA;;;Scontro frontale/laterale SX fra veicoli in marcia;Intersezione semaforizzata;Una carreggiata a doppio senso;Asciutto;Asfaltata;Verticale ed orizzontale;Sereno;Normale;Buona;Ore Diurne;1;0;0;1;12,4586;41,92408;-1;1;Autovettura privata;In marcia / fermata / arresto;Conducente;M;Illeso;0;;Non accertato;
3550247;20;11/11/2017 15:00;Strada Urbana;PIAZZALE MARESCIALLO GIARDINO;all'intersezione semaforizzata con;LUNGOTEVERE MARESCIALLO CADORNA;LUNGOTEVERE MARESCIALLO CADORNA;;;Scontro frontale/laterale SX fra veicoli in marcia;Intersezione semaforizzata;Una carreggiata a doppio senso;Asciutto;Asfaltata;Verticale ed orizzontale;Sereno;Normale;Buona;Ore Diurne;1;0;0;1;12,4586;41,92408;-1;2;Motociclo a solo;In marcia / fermata / arresto;Conducente;M;Ricoverato;0;NON DECEDUTO;;
3550250;20;11/11/2017 10:50;Strada Urbana;VIA VALLE DELLA STORTA;da specificare;;;;cassia;Scontro laterale fra veicoli in marcia;Rettilineo;Una carreggiata a doppio senso;Asciutto;Asfaltata;Verticale;Sereno;Normale;Buona;Ore Diurne;0;0;0;3;12,3787;42,00999;-1;1;Autovettura privata;In marcia / fermata / arresto;Conducente;F;Illeso;0;;Non accertato;
3550250;20;11/11/2017 10:50;Strada Urbana;VIA VALLE DELLA STORTA;da specificare;;;;cassia;Scontro laterale fra veicoli in marcia;Rettilineo;Una carreggiata a doppio senso;Asciutto;Asfaltata;Verticale;Sereno;Normale;Buona;Ore Diurne;0;0;0;3;12,3787;42,00999;-1;1;Autovettura privata;In marcia / fermata / arresto;Passeggero;M;Illeso;0;;Non accertato;
3550250;20;11/11/2017 10:50;Strada Urbana;VIA VALLE DELLA STORTA;da specificare;;;;cassia;Scontro laterale fra veicoli in marcia;Rettilineo;Una carreggiata a doppio senso;Asciutto;Asfaltata;Verticale;Sereno;Normale;Buona;Ore Diurne;0;0;0;3;12,3787;42,00999;-1;2;Autovettura privata;In marcia / fermata / arresto;Conducente;F;Illeso;0;;Non accertato;
3550253;5;10/11/2017 08:50;Strada Urbana;VIA DEI MONTI TIBURTINI;in corrispondenza;;del civico n.;413;;Infortunio per sola frenata improvvisa;Rettilineo;Una carreggiata a senso unico di marcia;Bagnato (pioggia);Asfaltata;Verticale ed orizzontale;Nuvoloso;Intenso;Buona;Ore Diurne;1;0;0;0;12,5405;41,91817;-1;1;Motociclo a solo;In marcia / fermata / arresto;Conducente;M;Rimandato;0;NON DECEDUTO;Non accertato;
3550262;19;11/11/2017 15:30;Strada Urbana;VIA AUGUSTO TEBALDI;in corrispondenza;;del civico n.;88;;Veicolo in marcia contro veicolo in sosta;Rettilineo;Una carreggiata a senso unico di marcia;Asciutto;Asfaltata;Orizzontale;Sereno;Scarso;Buona;Ore Diurne;0;0;0;1;12,41369;41,92798;-1;1;Autovettura privata;In marcia / fermata / arresto;Conducente;F;Illeso;0;;;
3550265;20;12/11/2017 13:45;Strada Urbana;VIA BONALDO STRINGHER;in prossimità;;del civico n.;42;;Veicolo in marcia contro veicoli in sosta;Rettilineo;Una carreggiata a senso unico di marcia;Asciutto;Asfaltata;Verticale ed orizzontale;Nuvoloso;Scarso;Buona;Ore Diurne;1;0;0;0;12,46582;41,94471;-1;1;Autovettura privata;In marcia / fermata / arresto;Conducente;M;Rimandato;0;NON DECEDUTO;Non accertato;Inesploso
3550267;7;11/11/2017 18:30;Strada Urbana;VIA PRENESTINA BIS;in corrispondenza;;del palo luce n.;1073;;Tamponamento;Rettilineo;Due carreggiate;Asciutto;Asfaltata;Verticale ed orizzontale;Sereno;Normale;Buona;Sufficiente;1;0;0;4;12,60067;41,89031;-1;1;Autovettura privata;In marcia / fermata / arresto;Conducente;M;Rimandato;0;NON DECEDUTO;Non accertato;Inesploso
3550267;7;11/11/2017 18:30;Strada Urbana;VIA PRENESTINA BIS;in corrispondenza;;del palo luce n.;1073;;Tamponamento;Rettilineo;Due carreggiate;Asciutto;Asfaltata;Verticale ed orizzontale;Sereno;Normale;Buona;Sufficiente;1;0;0;4;12,60067;41,89031;-1;2;Autovettura privata;In marcia / fermata / arresto;Conducente;M;Illeso;0;;Non accertato;Inesploso
3550267;7;11/11/2017 18:30;Strada Urbana;VIA PRENESTINA BIS;in corrispondenza;;del palo luce n.;1073;;Tamponamento;Rettilineo;Due carreggiate;Asciutto;Asfaltata;Verticale ed orizzontale;Sereno;Normale;Buona;Sufficiente;1;0;0;4;12,60067;41,89031;-1;2;Autovettura privata;In marcia / fermata / arresto;Passeggero;F;Illeso;0;;Non accertato;Inesploso
3550267;7;11/11/2017 18:30;Strada Urbana;VIA PRENESTINA BIS;in corrispondenza;;del palo luce n.;1073;;Tamponamento;Rettilineo;Due carreggiate;Asciutto;Asfaltata;Verticale ed orizzontale;Sereno;Normale;Buona;Sufficiente;1;0;0;4;12,60067;41,89031;-1;2;Autovettura privata;In marcia / fermata / arresto;Passeggero;M;Illeso;0;;Non accertato;Inesploso
3550267;7;11/11/2017 18:30;Strada Urbana;VIA PRENESTINA BIS;in corrispondenza;;del palo luce n.;1073;;Tamponamento;Rettilineo;Due carreggiate;Asciutto;Asfaltata;Verticale ed orizzontale;Sereno;Normale;Buona;Sufficiente;1;0;0;4;12,60067;41,89031;-1;2;Autovettura privata;In marcia / fermata / arresto;Passeggero;F;Illeso;0;;Non accertato;Inesploso
3550280;1;12/11/2017 16:10;Strada Urbana;PIAZZA VITTORIO EMANUELE II;all'intersezione semaforizzata con;VIA PRINCIPE EUGENIO;VIA PRINCIPE EUGENIO;;;Scontro frontale/laterale DX fra veicoli in marcia;Intersezione semaforizzata;Una carreggiata a doppio senso;Bagnato (pioggia);Asfaltata;Verticale ed orizzontale;Pioggia in atto;Normale;Buona;Ore Diurne;0;0;0;5;12,50632;41,89436;-1;1;Autobus di linea;In marcia / fermata / arresto;Conducente;M;Illeso;0;;Esente;Inesploso
3550280;1;12/11/2017 16:10;Strada Urbana;PIAZZA VITTORIO EMANUELE II;all'intersezione semaforizzata con;VIA PRINCIPE EUGENIO;VIA PRINCIPE EUGENIO;;;Scontro frontale/laterale DX fra veicoli in marcia;Intersezione semaforizzata;Una carreggiata a doppio senso;Bagnato (pioggia);Asfaltata;Verticale ed orizzontale;Pioggia in atto;Normale;Buona;Ore Diurne;0;0;0;5;12,50632;41,89436;-1;1;Autobus di linea;In marcia / fermata / arresto;Passeggero;M;Illeso;0;;Esente;Inesistente
3550280;1;12/11/2017 16:10;Strada Urbana;PIAZZA VITTORIO EMANUELE II;all'intersezione semaforizzata con;VIA PRINCIPE EUGENIO;VIA PRINCIPE EUGENIO;;;Scontro frontale/laterale DX fra veicoli in marcia;Intersezione semaforizzata;Una carreggiata a doppio senso;Bagnato (pioggia);Asfaltata;Verticale ed orizzontale;Pioggia in atto;Normale;Buona;Ore Diurne;0;0;0;5;12,50632;41,89436;-1;2;Autovettura privata;In marcia / fermata / arresto;Conducente;M;Illeso;0;;Utilizzato;Inesploso
3550280;1;12/11/2017 16:10;Strada Urbana;PIAZZA VITTORIO EMANUELE II;all'intersezione semaforizzata con;VIA PRINCIPE EUGENIO;VIA PRINCIPE EUGENIO;;;Scontro frontale/laterale DX fra veicoli in marcia;Intersezione semaforizzata;Una carreggiata a doppio senso;Bagnato (pioggia);Asfaltata;Verticale ed orizzontale;Pioggia in atto;Normale;Buona;Ore Diurne;0;0;0;5;12,50632;41,89436;-1;2;Autovettura privata;In marcia / fermata / arresto;Passeggero;M;Illeso;0;;Non accertato;Inesistente