Protocollo;Gruppo;DataOraIncidente;Localizzazione1;STRADA1;Localizzazione2;STRADA2;Strada02;Chilometrica;DaSpecificare;NaturaIncidente;particolaritastrade;TipoStrada;FondoStradale;Pavimentazione;Segnaletica;CondizioneAtmosferica;Traffico;Visibilita;Illuminazione;NUM_FERITI;NUM_RISERVATA;NUM_MORTI;NUM_ILLESI;Longitudine;Latitudine;Confermato;Progressivo;TipoVeicolo;StatoVeicolo;TipoPersona;Sesso;Tipolesione;Deceduto;DecedutoDopo;CinturaCascoUtilizzato;Airbag
3552053;8;13/11/2017 11:20;Strada Urbana;VIA CRACOVIA;da specificare;;;;alt. ingresso Laboratorio di Ecologia Sperimentale;Tamponamento Multiplo;Rettilineo;Una carreggiata a doppio senso;Asciutto;Asfaltata;Verticale ed orizzontale;Sereno;Normale;Buona;Ore Diurne;0;0;0;4;12,62925;41,85142;-1;2;Autovettura privata;In marcia / fermata / arresto;Conducente;M;Illeso;0;;Non accertato;Inesploso
3552053;8;13/11/2017 11:20;Strada Urbana;VIA CRACOVIA;da specificare;;;;alt. ingresso Laboratorio di Ecologia Sperimentale;Tamponamento Multiplo;Rettilineo;Una carreggiata a doppio senso;Asciutto;Asfaltata;Verticale ed orizzontale;Sereno;Normale;Buona;Ore Diurne;0;0;0;4;12,62925;41,85142;-1;3;Autovettura privata;In marcia / fermata / arresto;Conducente;M;Illeso;0;;Non accertato;Inesploso
3552058;8;13/11/2017 10:55;Statale entro l'abitato;VIA CASILINA;in prossimità;;del civico n.;1625;;Scontro laterale fra veicoli in marcia;Rettilineo;Due carreggiate;Bagnato (umidità in atto);Asfaltata;Verticale ed orizzontale;Nuvoloso;Normale;Sufficiente;Ore Diurne;0;0;0;2;12,64155;41,863;-1;1;Motociclo a solo;In marcia / fermata / arresto;Conducente;M;Illeso;0;;Non accertato;
3552058;8;13/11/2017 10:55;Statale entro l'abitato;VIA CASILINA;in prossimità;;del civico n.;1625;;Scontro laterale fra veicoli in marcia;Rettilineo;Due carreggiate;Bagnato (umidità in atto);Asfaltata;Verticale ed orizzontale;Nuvoloso;Normale;Sufficiente;Ore Diurne;0;0;0;2;12,64155;41,863;-1;2;Autovettura privata;In marcia / fermata / arresto;Conducente;M;Illeso;0;;Non accertato;Inesploso
3552059;7;13/11/2017 17:50;Strada Urbana;VIA MOLFETTA;all'intersezione con;VIA MANFREDONIA;VIA MANFREDONIA;;;Scontro frontale/laterale DX fra veicoli in marcia;Incrocio;Una carreggiata a doppio senso;Asciutto;Asfaltata;Verticale ed orizzontale;Sereno;Normale;Buona;Sufficiente;0;0;0;2;12,57636;41,89002;-1;1;Autovettura privata;In marcia / fermata / arresto;Conducente;M;Illeso;0;;Non accertato;Inesploso
3552059;7;13/11/2017 17:50;Strada Urbana;VIA MOLFETTA;all'intersezione con;VIA MANFREDONIA;VIA MANFREDONIA;;;Scontro frontale/laterale DX fra veicoli in marcia;Incrocio;Una carreggiata a doppio senso;Asciutto;Asfaltata;Verticale ed orizzontale;Sereno;Normale;Buona;Sufficiente;0;0;0;2;12,57636;41,89002;-1;2;Autovettura privata;In marcia / fermata / arresto;Conducente;M;Illeso;0;;;Inesploso
3552061;8;13/11/2017 10:15;Autostrada;CIRCONVALLAZIONE ORIENTALE;da specificare;;;;carreggiata esterna complanare uscita Prenestina;Scontro laterale fra veicoli in marcia;Rettilineo;Una carreggiata a senso unico di marcia;Asciutto;Asfaltata;Verticale ed orizzontale;Nuvoloso;Normale;Buona;Ore Diurne;1;0;0;1;12,61547;41,89371;-1;1;Autovettura privata;In marcia / fermata / arresto;Conducente;M;Illeso;0;;Non accertato;Inesploso
3552061;8;13/11/2017 10:15;Autostrada;CIRCONVALLAZIONE ORIENTALE;da specificare;;;;carreggiata esterna complanare uscita Prenestina;Scontro laterale fra veicoli in marcia;Rettilineo;Una carreggiata a senso unico di marcia;Asciutto;Asfaltata;Verticale ed orizzontale;Nuvoloso;Normale;Buona;Ore Diurne;1;0;0;1;12,61547;41,89371;-1;2;Motociclo a solo;In marcia / fermata / arresto;Conducente;M;Rimandato;0;NON DECEDUTO;Non accertato;
3552065;8;13/11/2017 23:30;Statale entro l'abitato;VIA CASILINA;in corrispondenza;;del civico n.;2061/A;;Scontro frontale fra veicoli in marcia;Curva a visuale libera;Una carreggiata a doppio senso;Asciutto;Asfaltata;Orizzontale;Sereno;Scarso;Insufficiente;Insufficiente;2;0;0;0;12,69217;41,86398;-1;1;Autovettura privata;In marcia / fermata / arresto;Conducente;M;Rifiuta cure immediate;0;NON DECEDUTO;Non accertato;Inesistente
3552065;8;13/11/2017 23:30;Statale entro l'abitato;VIA CASILINA;in corrispondenza;;del civico n.;2061/A;;Scontro frontale fra veicoli in marcia;Curva a visuale libera;Una carreggiata a doppio senso;Asciutto;Asfaltata;Orizzontale;Sereno;Scarso;Insufficiente;Insufficiente;2;0;0;0;12,69217;41,86398;-1;2;Autovettura privata;In marcia / fermata / arresto;Conducente;M;Rimandato;0;NON DECEDUTO;Non utilizzato;Inesploso
3552066;13;13/11/2017 16:05;Strada Urbana;VIA DI ACILIA;all'intersezione con;VIA ADOLFO TOMMASI;VIA ADOLFO TOMMASI;;;Scontro laterale fra veicoli in marcia;Incrocio;Una carreggiata a doppio senso;Asciutto;Asfaltata;Orizzontale;Nuvoloso;Intenso;Buona;Ore Diurne;0;0;0;2;12,37143;41,77369;-1;1;Autovettura privata;In marcia / fermata / arresto;Conducente;F;Illeso;0;;Non accertato;Inesploso
3552066;13;13/11/2017 16:05;Strada Urbana;VIA DI ACILIA;all'intersezione con;VIA ADOLFO TOMMASI;VIA ADOLFO TOMMASI;;;Scontro laterale fra veicoli in marcia;Incrocio;Una carreggiata a doppio senso;Asciutto;Asfaltata;Orizzontale;Nuvoloso;Intenso;Buona;Ore Diurne;0;0;0;2;12,37143;41,77369;-1;2;Autovettura privata;In marcia / fermata / arresto;Conducente;M;Illeso;0;;Non accertato;Inesploso
3552070;13;13/11/2017 06:00;;VIA LITORANEA;in corrispondenza;;della chilometrica;8.2;;Veicolo in marcia contro ostacolo fisso;;;;;;;;;;1;0;0;0;12,37343;41,6877;0;1;Autovettura privata;In marcia / fermata / arresto;Conducente;M;Rimandato;0;NON DECEDUTO;;
3552075;16;13/11/2017 08:15;Strada Urbana;VIA GIACINTO CARINI;all'intersezione con;VIA FRANCESCO DAVERIO;VIA FRANCESCO DAVERIO;;;Scontro frontale/laterale DX fra veicoli in marcia;Incrocio;Una carreggiata a doppio senso;Asciutto;Asfaltata;Verticale ed orizzontale;Nuvoloso;Normale;Buona;Ore Diurne;0;0;0;2;12,46094;41,88518;-1;1;Autovettura privata;In marcia / fermata / arresto;Conducente;M;Illeso;0;;Non accertato;
3552075;16;13/11/2017 08:15;Strada Urbana;VIA GIACINTO CARINI;all'intersezione con;VIA FRANCESCO DAVERIO;VIA FRANCESCO DAVERIO;;;Scontro frontale/laterale DX fra veicoli in marcia;Incrocio;Una carreggiata a doppio senso;Asciutto;Asfaltata;Verticale ed orizzontale;Nuvoloso;Normale;Buona;Ore Diurne;0;0;0;2;12,46094;41,88518;-1;2;Autovettura privata;In marcia / fermata / arresto;Conducente;M;Illeso;0;;Non accertato;
3552081;4;13/11/2017 14:20;Strada Urbana;VIA SALARIA;da specificare;;;;dir. Roma centro pross. Ponte Salario;Tamponamento Multiplo;Rettilineo;Una carreggiata a senso unico di marcia;Asciutto;Asfaltata;Verticale ed orizzontale;Nuvoloso;Normale;Buona;Ore Diurne;0;0;0;4;12,5086;41,93898;-1;1;Autovettura privata;In marcia / fermata / arresto;Conducente;M;Illeso;0;;;
3552081;4;13/11/2017 14:20;Strada Urbana;VIA SALARIA;da specificare;;;;dir. Roma centro pross. Ponte Salario;Tamponamento Multiplo;Rettilineo;Una carreggiata a senso unico di marcia;Asciutto;Asfaltata;Verticale ed orizzontale;Nuvoloso;Normale;Buona;Ore Diurne;0;0;0;4;12,5086;41,93898;-1;1;Autovettura privata;In marcia / fermata / arresto;Passeggero;M;Illeso;0;;;
3552081;4;13/11/2017 14:20;Strada Urbana;VIA SALARIA;da specificare;;;;dir. Roma centro pross. Ponte Salario;Tamponamento Multiplo;Rettilineo;Una carreggiata a senso unico di marcia;Asciutto;Asfaltata;Verticale ed orizzontale;Nuvoloso;Normale;Buona;Ore Diurne;0;0;0;4;12,5086;41,93898;-1;2;Autovettura privata;In marcia / fermata / arresto;Conducente;M;Illeso;0;;;
3552081;4;13/11/2017 14:20;Strada Urbana;VIA SALARIA;da specificare;;;;dir. Roma centro pross. Ponte Salario;Tamponamento Multiplo;Rettilineo;Una carreggiata a senso unico di marcia;Asciutto;Asfaltata;Verticale ed orizzontale;Nuvoloso;Normale;Buona;Ore Diurne;0;0;0;4;12,5086;41,93898;-1;3;Autovettura privata;In marcia / fermata / arresto;Conducente;M;Illeso;0;;;
3552095;1;13/11/2017 15:00;Strada Urbana;VIA MERULANA;all'intersezione con;VIA MECENATE;VIA MECENATE;;;Investimento di pedone;Intersezione stradale segnalata;Una carreggiata a doppio senso;Asciutto;Asfaltata;Verticale ed orizzontale;Nuvoloso;Scarso;Buona;Ore Diurne;1;0;0;1;12,50109;41,89354;-1;;;;Pedone;M;Rimandato;0;NON DECEDUTO;;
3552095;1;13/11/2017 15:00;Strada Urbana;VIA MERULANA;all'intersezione con;VIA MECENATE;VIA MECENATE;;;Investimento di pedone;Intersezione stradale segnalata;Una carreggiata a doppio senso;Asciutto;Asfaltata;Verticale ed orizzontale;Nuvoloso;Scarso;Buona;Ore Diurne;1;0;0;1;12,50109;41,89354;-1;1;Autovettura privata;In marcia / fermata / arresto;Conducente;M;Illeso;0;;Non accertato;Inesploso
3552101;4;13/11/2017 16:35;Strada Urbana;VIA DELLA VERNA;all'intersezione semaforizzata con;VIALE ADRIATICO;VIALE ADRIATICO;;;Scontro laterale fra veicoli in marcia;Intersezione semaforizzata;Una carreggiata a senso unico di marcia;Asciutto;Asfaltata;Verticale;Nuvoloso;Intenso;Buona;Ore Diurne;0;0;0;2;12,53714;41,94072;-1;1;Autovettura privata;In marcia / fermata / arresto;Conducente;F;Illeso;0;;;
3552101;4;13/11/2017 16:35;Strada Urbana;VIA DELLA VERNA;all'intersezione semaforizzata con;VIALE ADRIATICO;VIALE ADRIATICO;;;Scontro laterale fra veicoli in marcia;Intersezione semaforizzata;Una carreggiata a senso unico di marcia;Asciutto;Asfaltata;Verticale;Nuvoloso;Intenso;Buona;Ore Diurne;0;0;0;2;12,53714;41,94072;-1;2;Autovettura privata;In marcia / fermata / arresto;Conducente;M;Illeso;0;;;
3552111;10;14/11/2017 07:40;Strada Urbana;VIA PALAZZOLO;all'intersezione con;VIA MENOFILO;VIA MENOFILO;;;Scontro frontale/laterale DX fra veicoli in marcia;Incrocio;Una carreggiata a senso unico di marcia;Asciutto;Asfaltata;Verticale ed orizzontale;Nuvoloso;Normale;Buona;Ore Diurne;0;0;0;3;12,54939;41,83983;-1;1;Autovettura privata;In marcia / fermata / arresto;Conducente;F;Illeso;0;;Non accertato;Esploso
3552111;10;14/11/2017 07:40;Strada Urbana;VIA PALAZZOLO;all'intersezione con;VIA MENOFILO;VIA MENOFILO;;;Scontro frontale/laterale DX fra veicoli in marcia;Incrocio;Una carreggiata a senso unico di marcia;Asciutto;Asfaltata;Verticale ed orizzontale;Nuvoloso;Normale;Buona;Ore Diurne;0;0;0;3;12,54939;41,83983;-1;2;Autovettura privata;In marcia / fermata / arresto;Conducente;F;Illeso;0;;Non accertato;Esploso
3552111;10;14/11/2017 07:40;Strada Urbana;VIA PALAZZOLO;all'intersezione con;VIA MENOFILO;VIA MENOFILO;;;Scontro frontale/laterale DX fra veicoli in marcia;Incrocio;Una carreggiata a senso unico di marcia;Asciutto;Asfaltata;Verticale ed orizzontale;Nuvoloso;Normale;Buona;Ore Diurne;0;0;0;3;12,54939;41,83983;-1;2;Autovettura privata;In marcia / fermata / arresto;Passeggero;M;Illeso;0;;Non accertato;Inesploso
3552126;18;13/11/2017 11:10;Strada Urbana;VIA BALDO DEGLI UBALDI;in corrispondenza;;del civico n.;136;;Veicolo in marcia contro ostacolo accidentale;Rettilineo;Due carreggiate;Bagnato (pioggia);Asfaltata;Verticale ed orizzontale;Pioggia in atto;Normale;Buona;Ore Diurne;1;0;0;0;12,43477;41,89921;-1;1;Motociclo a solo;In marcia / fermata / arresto;Conducente;M;Rimandato;0;NON DECEDUTO;;
3552133;18;13/11/2017 10:35;Strada Urbana;VIA LEONE XIII;da specificare;;;;IN PROSSIMITA' VIA DEHON;Tamponamento Multiplo;Rettilineo;Una carreggiata a senso unico di marcia;Asciutto;Asfaltata;Verticale ed orizzontale;Sereno;Normale;Buona;Ore Diurne;1;0;0;3;12,44044;41,88694;-1;1;Autovettura privata;In marcia / fermata / arresto;Conducente;M;Rifiuta cure immediate;0;NON DECEDUTO;Non accertato;Inesploso
3552133;18;13/11/2017 10:35;Strada Urbana;VIA LEONE XIII;da specificare;;;;IN PROSSIMITA' VIA DEHON;Tamponamento Multiplo;Rettilineo;Una carreggiata a senso unico di marcia;Asciutto;Asfaltata;Verticale ed orizzontale;Sereno;Normale;Buona;Ore Diurne;1;0;0;3;12,44044;41,88694;-1;2;Autovettura privata;In marcia / fermata / arresto;Conducente;M;Illeso;0;;Non accertato;Inesploso
3552133;18;13/11/2017 10:35;Strada Urbana;VIA LEONE XIII;da specificare;;;;IN PROSSIMITA' VIA DEHON;Tamponamento Multiplo;Rettilineo;Una carreggiata a senso unico di marcia;Asciutto;Asfaltata;Verticale ed orizzontale;Sereno;Normale;Buona;Ore Diurne;1;0;0;3;12,44044;41,88694;-1;3;Autovettura privata;In marcia / fermata / arresto;Conducente;F;Illeso;0;;Non accertato;Inesploso
3552133;18;13/11/2017 10:35;Strada Urbana;VIA LEONE XIII;da specificare;;;;IN PROSSIMITA' VIA DEHON;Tamponamento Multiplo;Rettilineo;Una carreggiata a senso unico di marcia;Asciutto;Asfaltata;Verticale ed orizzontale;Sereno;Normale;Buona;Ore Diurne;1;0;0;3;12,44044;41,88694;-1;4;Autovettura privata;In marcia / fermata / arresto;Conducente;M;Illeso;0;;Non accertato;Inesploso
3552154;4;13/11/2017 17:40;Strada Urbana;VIADOTTO GIOVANNI GRONCHI;da specificare;;;;palo ACEA n. 28;Investimento di pedone;Rettilineo;Due carreggiate;Asciutto;Asfaltata;Orizzontale;Nuvoloso;Normale;Insufficiente;Insufficiente;1;0;0;1;12,53548;41,95931;-1;;;;Pedone;M;Rimandato;0;NON DECEDUTO;;
3552154;4;13/11/2017 17:40;Strada Urbana;VIADOTTO GIOVANNI GRONCHI;da specificare;;;;palo ACEA n. 28;Investimento di pedone;Rettilineo;Due carreggiate;Asciutto;Asfaltata;Orizzontale;Nuvoloso;Normale;Insufficiente;Insufficiente;1;0;0;1;12,53548;41,95931;-1;1;Autovettura privata;In marcia / fermata / arresto;Conducente;F;Illeso;0;;Non accertato;Inesploso
3552159;1;13/11/2017 17:45;Strada Urbana;VIALE GIOTTO;in prossimità;;del civico n.;FC 25;;Veicolo in marcia contro ostacolo accidentale;Rettilineo;Una carreggiata a doppio senso;Asciutto;Asfaltata;Verticale ed orizzontale;Nuvoloso;Scarso;Sufficiente;Sufficiente;1;0;0;1;12,48251;41,87662;-1;1;Motociclo con passeggero;In marcia / fermata / arresto;Conducente;M;Illeso;0;;Non accertato;
3552159;1;13/11/2017 17:45;Strada Urbana;VIALE GIOTTO;in prossimità;;del civico n.;FC 25;;Veicolo in marcia contro ostacolo accidentale;Rettilineo;Una carreggiata a doppio senso;Asciutto;Asfaltata;Verticale ed orizzontale;Nuvoloso;Scarso;Sufficiente;Sufficiente;1;0;0;1;12,48251;41,87662;-1;1;Motociclo con passeggero;In marcia / fermata / arresto;Passeggero;F;Rimandato;0;NON DECEDUTO;Non accertato;
3552162;18;13/11/2017 15:05;Strada Urbana;LARGO DI BOCCEA;all'intersezione con;VIA DOMENICO TARDINI;VIA DOMENICO TARDINI;;;Scontro laterale fra veicoli in marcia;Intersezione stradale segnalata;Due carreggiate;Asciutto;Asfaltata;Verticale ed orizzontale;Sereno;Normale;Buona;Ore Diurne;0;0;0;2;12,42727;41,9013;-1;1;Autovettura privata;In marcia / fermata / arresto;Conducente;F;Illeso;0;;Non accertato;Inesploso
3552162;18;13/11/2017 15:05;Strada Urbana;LARGO DI BOCCEA;all'intersezione con;VIA DOMENICO TARDINI;VIA DOMENICO TARDINI;;;Scontro laterale fra veicoli in marcia;Intersezione stradale segnalata;Due carreggiate;Asciutto;Asfaltata;Verticale ed orizzontale;Sereno;Normale;Buona;Ore Diurne;0;0;0;2;12,42727;41,9013;-1;2;Autobus di linea;In marcia / fermata / arresto;Conducente;M;Illeso;0;;Esente;Inesistente
3552165;18;13/11/2017 15:50;Strada Urbana;CIRCONVALLAZIONE AURELIA;in corrispondenza;;del civico n.;66;;Scontro laterale fra veicoli in marcia;Rettilineo;Due carreggiate;Asciutto;Asfaltata;Verticale ed orizzontale;Sereno;Intenso;Buona;Ore Diurne;1;0;0;1;12,42825;41,89658;-1;1;Motociclo a solo;In marcia / fermata / arresto;Conducente;M;Rimandato;0;NON DECEDUTO;;
3552165;18;13/11/2017 15:50;Strada Urbana;CIRCONVALLAZIONE AURELIA;in corrispondenza;;del civico n.;66;;Scontro laterale fra veicoli in marcia;Rettilineo;Due carreggiate;Asciutto;Asfaltata;Verticale ed orizzontale;Sereno;Intenso;Buona;Ore Diurne;1;0;0;1;12,42825;41,89658;-1;2;Autotreno;In marcia / fermata / arresto;Conducente;M;Illeso;0;;;
3552173;13;10/11/2017 16:45;Strada Urbana;VIA CAPO PASSERO;in prossimità;;del civico n.;30;;Veicolo in marcia contro veicolo arresto;Rettilineo;Due carreggiate;Asciutto;Asfaltata;Orizzontale;Sereno;Intenso;Buona;Ore Diurne;0;0;0;1;12,29046;41,73465;0;1;Autovettura privata;In marcia / fermata / arresto;Conducente;M;Illeso;0;;Non accertato;Inesploso
3552174;7;13/11/2017 11:10;Strada Urbana;VIA ARISTIDE STADERINI;in prossimità;;del civico n.;38;;Veicolo in marcia contro ostacolo fisso;Rettilineo;Una carreggiata a senso unico di marcia;Asciutto;Asfaltata;Verticale ed orizzontale;Nuvoloso;Scarso;Buona;Ore Diurne;1;0;0;0;12,58703;41,89261;-1;1;Autovettura privata;In marcia / fermata / arresto;Conducente;M;Rimandato;0;NON DECEDUTO;Non accertato;Inesploso
3552190;18;13/11/2017 12:35;Strada Urbana;VIA DOMENICO TARDINI;all'intersezione con;VIA DEL FORTE BOCCEA;VIA DEL FORTE BOCCEA;;;Scontro frontale/laterale DX fra veicoli in marcia;Intersezione stradale segnalata;Una carreggiata a doppio senso;Asciutto;Asfaltata;Verticale ed orizzontale;Sereno;Intenso;Buona;Ore Diurne;2;0;0;1;12,42541;41,90422;-1;1;Autovettura privata;In marcia / fermata / arresto;Conducente;M;Rifiuta cure immediate;0;NON DECEDUTO;;
3552190;18;13/11/2017 12:35;Strada Urbana;VIA DOMENICO TARDINI;all'intersezione con;VIA DEL FORTE BOCCEA;VIA DEL FORTE BOCCEA;;;Scontro frontale/laterale DX fra veicoli in marcia;Intersezione stradale segnalata;Una carreggiata a doppio senso;Asciutto;Asfaltata;Verticale ed orizzontale;Sereno;Intenso;Buona;Ore Diurne;2;0;0;1;12,42541;41,90422;-1;2;Autovettura privata;In marcia / fermata / arresto;Conducente;M;Rifiuta cure immediate;0;NON DECEDUTO;;
3552190;18;13/11/2017 12:35;Strada Urbana;VIA DOMENICO TARDINI;all'intersezione con;VIA DEL FORTE BOCCEA;VIA DEL FORTE BOCCEA;;;Scontro frontale/laterale DX fra veicoli in marcia;Intersezione stradale segnalata;Una carreggiata a doppio senso;Asciutto;Asfaltata;Verticale ed orizzontale;Sereno;Intenso;Buona;Ore Diurne;2;0;0;1;12,42541;41,90422;-1;3;Autovettura privata;In marcia / fermata / arresto;Conducente;F;Illeso;0;;;
3552193;18;13/11/2017 15:50;Statale entro l'abitato;VIA AURELIA;da specificare;;;;complanare in prossimità di VIA LICIO GIORGIERI;Tamponamento;Rettilineo;Più di due carreggiate;Asciutto;Asfaltata;Verticale ed orizzontale;Sereno;Normale;Buona;Ore Diurne;1;0;0;1;12,40555;41,88836;-1;1;Motociclo a solo;In marcia / fermata / arresto;Conducente;M;Rimandato;0;NON DECEDUTO;Non accertato;
3552193;18;13/11/2017 15:50;Statale entro l'abitato;VIA AURELIA;da specificare;;;;complanare in prossimità di VIA LICIO GIORGIERI;Tamponamento;Rettilineo;Più di due carreggiate;Asciutto;Asfaltata;Verticale ed orizzontale;Sereno;Normale;Buona;Ore Diurne;1;0;0;1;12,40555;41,88836;-1;2;Autovettura privata;In marcia / fermata / arresto;Conducente;F;Illeso;0;;Non accertato;Inesploso
3552206;1;13/11/2017 19:37;Strada Urbana;VIA CESARE BATTISTI;in prossimità;;del civico n.;121;;Investimento di pedone;Rettilineo;Una carreggiata a doppio senso;Asciutto;In cubetti di porfido;Verticale ed orizzontale;Nuvoloso;Intenso;Buona;Sufficiente;1;0;0;1;12,48295;41,89676;-1;;;;Pedone;M;Rimandato;0;NON DECEDUTO;;
3552206;1;13/11/2017 19:37;Strada Urbana;VIA CESARE BATTISTI;in prossimità;;del civico n.;121;;Investimento di pedone;Rettilineo;Una carreggiata a doppio senso;Asciutto;In cubetti di porfido;Verticale ed orizzontale;Nuvoloso;Intenso;Buona;Sufficiente;1;0;0;1;12,48295;41,89676;-1;1;Autocarro inferiore 35 q.;In marcia / fermata / arresto;Conducente;M;Illeso;0;;;
3552214;7;13/11/2017 13:30;Strada Urbana;VIA DI CENTOCELLE;in corrispondenza;;del civico n.;251;;Scontro laterale fra veicoli in marcia;Rettilineo;Una carreggiata a doppio senso;Asciutto;Asfaltata;Verticale ed orizzontale;Sereno;Normale;Buona;Ore Diurne;1;0;0;1;12,5522;41,86721;-1;1;Autovettura privata;In marcia / fermata / arresto;Conducente;M;Illeso;0;;Non accertato;Inesploso
3552214;7;13/11/2017 13:30;Strada Urbana;VIA DI CENTOCELLE;in corrispondenza;;del civico n.;251;;Scontro laterale fra veicoli in marcia;Rettilineo;Una carreggiata a doppio senso;Asciutto;Asfaltata;Verticale ed orizzontale;Sereno;Normale;Buona;Ore Diurne;1;0;0;1;12,5522;41,86721;-1;2;Motociclo a solo;In marcia / fermata / arresto;Conducente;M;Rimandato;0;NON DECEDUTO;Non accertato;
3552217;17;12/11/2017 03:20;Strada Urbana;VIALE DELLO STADIO OLIMPICO;in prossimità;;del palo luce n.;29;;Veicolo in marcia contro veicoli in sosta;Curva a visuale libera;Una carreggiata a senso unico di marcia;Bagnato (umidità in atto);Asfaltata;Verticale ed orizzontale;Sereno;Scarso;Sufficiente;Sufficiente;0;0;0;4;12,45417;41,9299;-1;1;Autovettura privata;In marcia / fermata / arresto;Conducente;M;Illeso;0;;Non accertato;
3552217;17;12/11/2017 03:20;Strada Urbana;VIALE DELLO STADIO OLIMPICO;in prossimità;;del palo luce n.;29;;Veicolo in marcia contro veicoli in sosta;Curva a visuale libera;Una carreggiata a senso unico di marcia;Bagnato (umidità in atto);Asfaltata;Verticale ed orizzontale;Sereno;Scarso;Sufficiente;Sufficiente;0;0;0;4;12,45417;41,9299;-1;1;Autovettura privata;In marcia / fermata / arresto;Passeggero;M;Illeso;0;;;
3552217;17;12/11/2017 03:20;Strada Urbana;VIALE DELLO STADIO OLIMPICO;in prossimità;;del palo luce n.;29;;Veicolo in marcia contro veicoli in sosta;Curva a visuale libera;Una carreggiata a senso unico di marcia;Bagnato (umidità in atto);Asfaltata;Verticale ed orizzontale;Sereno;Scarso;Sufficiente;Sufficiente;0;0;0;4;12,45417;41,9299;-1;1;Autovettura privata;In marcia / fermata / arresto;Passeggero;F;Illeso;0;;;
3552217;17;12/11/2017 03:20;Strada Urbana;VIALE DELLO STADIO OLIMPICO;in prossimità;;del palo luce n.;29;;Veicolo in marcia contro veicoli in sosta;Curva a visuale libera;Una carreggiata a senso unico di marcia;Bagnato (umidità in atto);Asfaltata;Verticale ed orizzontale;Sereno;Scarso;Sufficiente;Sufficiente;0;0;0;4;12,45417;41,9299;-1;1;Autovettura privata;In marcia / fermata / arresto;Passeggero;M;Illeso;0;;;
3552218;12;13/11/2017 23:20;Strada Urbana;VIA DELLA CECCHIGNOLA;da specificare;;;;prossimità VIA ARDEATINA;Veicolo in marcia contro ostacolo accidentale;Rettilineo;Una carreggiata a senso unico di marcia;Bagnato (pioggia);Asfaltata;Temporanea di cantiere;Nuvoloso;Scarso;Sufficiente;Sufficiente;1;0;0;0;12,51744;41,82342;-1;1;Ciclomotore;In marcia / fermata / arresto;Conducente;M;Rimandato;0;NON DECEDUTO;Non accertato;
3552224;6;14/11/2017 08:45;Strada Urbana;VIA DI CENTOCELLE;all'intersezione con;VIA DEGLI ANGELI;VIA DEGLI ANGELI;;;Scontro laterale fra veicoli in marcia;Incrocio;Una carreggiata a doppio senso;Asciutto;Asfaltata;Verticale ed orizzontale;Nuvoloso;Normale;Buona;Ore Diurne;0;0;0;2;12,54975;41,87244;-1;1;Autovettura privata;In marcia / fermata / arresto;Conducente;M;Illeso;0;;;
3552224;6;14/11/2017 08:45;Strada Urbana;VIA DI CENTOCELLE;all'intersezione con;VIA DEGLI ANGELI;VIA DEGLI ANGELI;;;Scontro laterale fra veicoli in marcia;Incrocio;Una carreggiata a doppio senso;Asciutto;Asfaltata;Verticale ed orizzontale;Nuvoloso;Normale;Buona;Ore Diurne;0;0;0;2;12,54975;41,87244;-1;2;Autocarro superiore 35 q.;In marcia / fermata / arresto;Conducente;M;Illeso;0;;Non accertato;Inesploso
3552234;1;13/11/2017 21:45;Strada Urbana;VIALE MARCO POLO;all'intersezione semaforizzata con;VIA LUIGI ROBECCHI BRICHETTI;VIA LUIGI ROBECCHI BRICHETTI;;;Scontro frontale fra veicoli in marcia;Incrocio;Una carreggiata a doppio senso;Asciutto;Asfaltata;Verticale ed orizzontale;Sereno;Scarso;Buona;Sufficiente;1;0;0;2;12,49171;41,87188;-1;1;Autovettura privata;In marcia / fermata / arresto;Conducente;M;Rimandato;0;NON DECEDUTO;Non accertato;
3552234;1;13/11/2017 21:45;Strada Urbana;VIALE MARCO POLO;all'intersezione semaforizzata con;VIA LUIGI ROBECCHI BRICHETTI;VIA LUIGI ROBECCHI BRICHETTI;;;Scontro frontale fra veicoli in marcia;Incrocio;Una carreggiata a doppio senso;Asciutto;Asfaltata;Verticale ed orizzontale;Sereno;Scarso;Buona;Sufficiente;1;0;0;2;12,49171;41,87188;-1;2;Autovettura privata;In marcia / fermata / arresto;Conducente;M;Illeso;0;;Non accertato;
3552234;1;13/11/2017 21:45;Strada Urbana;VIALE MARCO POLO;all'intersezione semaforizzata con;VIA LUIGI ROBECCHI BRICHETTI;VIA LUIGI ROBECCHI BRICHETTI;;;Scontro frontale fra veicoli in marcia;Incrocio;Una carreggiata a doppio senso;Asciutto;Asfaltata;Verticale ed orizzontale;Sereno;Scarso;Buona;Sufficiente;1;0;0;2;12,49171;41,87188;-1;2;Autovettura privata;In marcia / fermata / arresto;Passeggero;F;Illeso;0;;Non accertato;
3552238;16;13/11/2017 08:15;Strada Urbana;VIA SILVESTRI;in corrispondenza;;del civico n.;301;;Scontro frontale/laterale SX fra veicoli in marcia;Rettilineo;Una carreggiata a doppio senso;Asciutto;Asfaltata;Verticale ed orizzontale;Nuvoloso;Intenso;Buona;Ore Diurne;0;0;0;2;12,4276;41,87707;-1;1;Autovettura privata;In marcia / fermata / arresto;Conducente;F;Illeso;0;;Non accertato;