Protocollo;Gruppo;DataOraIncidente;Localizzazione1;STRADA1;Localizzazione2;STRADA2;Strada02;Chilometrica;DaSpecificare;NaturaIncidente;particolaritastrade;TipoStrada;FondoStradale;Pavimentazione;Segnaletica;CondizioneAtmosferica;Traffico;Visibilita;Illuminazione;NUM_FERITI;NUM_RISERVATA;NUM_MORTI;NUM_ILLESI;Longitudine;Latitudine;Confermato;Progressivo;TipoVeicolo;StatoVeicolo;TipoPersona;Sesso;Tipolesione;Deceduto;DecedutoDopo;CinturaCascoUtilizzato;Airbag
3554016;2;14/11/2017 08:45;Strada Urbana;VIALE TIZIANO;all'intersezione con;VIA DORANDO PIETRI;VIA DORANDO PIETRI;;;Scontro laterale fra veicoli in marcia;Incrocio;Più di due carreggiate;Bagnato (umidità in atto);Asfaltata;Verticale ed orizzontale;Nuvoloso;Scarso;Buona;Ore Diurne;1;0;0;1;12,4704;41,92739;-1;1;Autovettura privata;In marcia / fermata / arresto;Conducente;F;Illeso;0;;Non accertato;Inesploso
3554016;2;14/11/2017 08:45;Strada Urbana;VIALE TIZIANO;all'intersezione con;VIA DORANDO PIETRI;VIA DORANDO PIETRI;;;Scontro laterale fra veicoli in marcia;Incrocio;Più di due carreggiate;Bagnato (umidità in atto);Asfaltata;Verticale ed orizzontale;Nuvoloso;Scarso;Buona;Ore Diurne;1;0;0;1;12,4704;41,92739;-1;2;Motociclo a solo;In marcia / fermata / arresto;Conducente;F;Rimandato;0;NON DECEDUTO;;
3554025;2;14/11/2017 10:55;Strada Urbana;VIALE SOMALIA;da specificare;;;;prox via Antrodoco;Scontro laterale fra veicoli in marcia;Rettilineo;Una carreggiata a doppio senso;Asciutto;Asfaltata;Verticale ed orizzontale;Nuvoloso;Normale;Buona;Ore Diurne;0;0;0;2;12,52006;41,93379;-1;1;Motociclo a solo;In marcia / fermata / arresto;Conducente;M;Illeso;0;;;
3554025;2;14/11/2017 10:55;Strada Urbana;VIALE SOMALIA;da specificare;;;;prox via Antrodoco;Scontro laterale fra veicoli in marcia;Rettilineo;Una carreggiata a doppio senso;Asciutto;Asfaltata;Verticale ed orizzontale;Nuvoloso;Normale;Buona;Ore Diurne;0;0;0;2;12,52006;41,93379;-1;2;Autocarro inferiore 35 q.;In marcia / fermata / arresto;Conducente;M;Illeso;0;;;
3554028;2;14/11/2017 11:35;Strada Urbana;VIA GIUSEPPE LUIGI LAGRANGE;all'intersezione con;VIA ANTONIO BERTOLONI;VIA ANTONIO BERTOLONI;;;Scontro laterale fra veicoli in marcia;Incrocio;Più di due carreggiate;Bagnato (pioggia);Asfaltata;Verticale;Nuvoloso;Normale;Buona;Ore Diurne;0;0;0;2;12,48582;41,92491;-1;1;Motociclo a solo;In marcia / fermata / arresto;Conducente;F;Illeso;0;;;
3554028;2;14/11/2017 11:35;Strada Urbana;VIA GIUSEPPE LUIGI LAGRANGE;all'intersezione con;VIA ANTONIO BERTOLONI;VIA ANTONIO BERTOLONI;;;Scontro laterale fra veicoli in marcia;Incrocio;Più di due carreggiate;Bagnato (pioggia);Asfaltata;Verticale;Nuvoloso;Normale;Buona;Ore Diurne;0;0;0;2;12,48582;41,92491;-1;2;Autovettura privata;In marcia / fermata / arresto;Conducente;M;Illeso;0;;;
3554030;2;14/11/2017 11:57;Strada Urbana;VIA ANAPO;all'intersezione con;VIA FOGLIANO;VIA FOGLIANO;;;Scontro frontale/laterale DX fra veicoli in marcia;Intersezione stradale segnalata;Una carreggiata a senso unico di marcia;Bagnato (pioggia);Asfaltata;Verticale ed orizzontale;Pioggia in atto;Normale;Buona;Ore Diurne;1;0;0;1;12,50728;41,92587;-1;1;Autovettura privata;In marcia / fermata / arresto;Conducente;M;Illeso;0;;Non accertato;Inesploso
3554030;2;14/11/2017 11:57;Strada Urbana;VIA ANAPO;all'intersezione con;VIA FOGLIANO;VIA FOGLIANO;;;Scontro frontale/laterale DX fra veicoli in marcia;Intersezione stradale segnalata;Una carreggiata a senso unico di marcia;Bagnato (pioggia);Asfaltata;Verticale ed orizzontale;Pioggia in atto;Normale;Buona;Ore Diurne;1;0;0;1;12,50728;41,92587;-1;2;Motociclo a solo;In marcia / fermata / arresto;Conducente;F;Rimandato;0;NON DECEDUTO;;
3554049;9;15/11/2017 09:45;Strada Urbana;VIA DELLA MARRANA;da specificare;;;;ALT. FORNICE VIA DEL MANDRIONE;Scontro frontale fra veicoli in marcia;Curva senza visuale libera;Una carreggiata a doppio senso;Asciutto;Asfaltata;Verticale;Nuvoloso;Scarso;Buona;Ore Diurne;0;0;0;2;12,53463;41,87853;-1;1;Autovettura privata;In marcia / fermata / arresto;Conducente;F;Illeso;0;;Utilizzato;Inesploso
3554049;9;15/11/2017 09:45;Strada Urbana;VIA DELLA MARRANA;da specificare;;;;ALT. FORNICE VIA DEL MANDRIONE;Scontro frontale fra veicoli in marcia;Curva senza visuale libera;Una carreggiata a doppio senso;Asciutto;Asfaltata;Verticale;Nuvoloso;Scarso;Buona;Ore Diurne;0;0;0;2;12,53463;41,87853;-1;2;Autovettura privata;In marcia / fermata / arresto;Conducente;F;Illeso;0;;Utilizzato;Inesploso
3554054;23;14/11/2017 19:40;Strada Urbana;PIAZZALE OSTIENSE;all'intersezione con;VIA OSTIENSE;VIA OSTIENSE;;;Scontro frontale/laterale SX fra veicoli in marcia;Intersezione semaforizzata;Più di due carreggiate;Bagnato (pioggia);Asfaltata;Verticale ed orizzontale;Nuvoloso;Normale;Buona;Sufficiente;2;0;0;1;12,48091;41,87571;-1;1;Motociclo a solo;In marcia / fermata / arresto;Conducente;M;Rifiuta cure immediate;0;NON DECEDUTO;Non accertato;
3554054;23;14/11/2017 19:40;Strada Urbana;PIAZZALE OSTIENSE;all'intersezione con;VIA OSTIENSE;VIA OSTIENSE;;;Scontro frontale/laterale SX fra veicoli in marcia;Intersezione semaforizzata;Più di due carreggiate;Bagnato (pioggia);Asfaltata;Verticale ed orizzontale;Nuvoloso;Normale;Buona;Sufficiente;2;0;0;1;12,48091;41,87571;-1;1;Motociclo a solo;In marcia / fermata / arresto;Passeggero;F;Rimandato;0;NON DECEDUTO;Utilizzato;
3554054;23;14/11/2017 19:40;Strada Urbana;PIAZZALE OSTIENSE;all'intersezione con;VIA OSTIENSE;VIA OSTIENSE;;;Scontro frontale/laterale SX fra veicoli in marcia;Intersezione semaforizzata;Più di due carreggiate;Bagnato (pioggia);Asfaltata;Verticale ed orizzontale;Nuvoloso;Normale;Buona;Sufficiente;2;0;0;1;12,48091;41,87571;-1;2;Autovettura privata;In marcia / fermata / arresto;Conducente;M;Illeso;0;;Non accertato;Inesploso
3554055;3;14/11/2017 12:20;Strada Urbana;VIA GIOVANNI BATTISTA MORGAGNI;in prossimità;;del civico n.;21;;Infortunio per caduta del veicolo;Rettilineo;Una carreggiata a doppio senso;Bagnato (pioggia);Asfaltata;Verticale ed orizzontale;Pioggia in atto;Normale;Sufficiente;Ore Diurne;1;0;0;2;12,50927;41,90959;-1;1;Autovettura privata;In marcia / fermata / arresto;Conducente;M;Illeso;0;;Non accertato;Inesploso
3554055;3;14/11/2017 12:20;Strada Urbana;VIA GIOVANNI BATTISTA MORGAGNI;in prossimità;;del civico n.;21;;Infortunio per caduta del veicolo;Rettilineo;Una carreggiata a doppio senso;Bagnato (pioggia);Asfaltata;Verticale ed orizzontale;Pioggia in atto;Normale;Sufficiente;Ore Diurne;1;0;0;2;12,50927;41,90959;-1;1;Autovettura privata;In marcia / fermata / arresto;Passeggero;M;Illeso;0;;Non accertato;Inesploso
3554055;3;14/11/2017 12:20;Strada Urbana;VIA GIOVANNI BATTISTA MORGAGNI;in prossimità;;del civico n.;21;;Infortunio per caduta del veicolo;Rettilineo;Una carreggiata a doppio senso;Bagnato (pioggia);Asfaltata;Verticale ed orizzontale;Pioggia in atto;Normale;Sufficiente;Ore Diurne;1;0;0;2;12,50927;41,90959;-1;2;Ciclomotore;In marcia / fermata / arresto;Conducente;F;Rimandato;0;NON DECEDUTO;Non accertato;
3554088;16;13/11/2017 18:00;Strada Urbana;VIA DEL CASALETTO;in prossimità;;del civico n.;380;;Investimento di pedone;Rettilineo;Una carreggiata a doppio senso;Asciutto;Asfaltata;Verticale ed orizzontale;Nuvoloso;Normale;Buona;Sufficiente;2;0;0;0;12,43755;41,86392;-1;;;;Pedone;F;Ricoverato;0;NON DECEDUTO;;
3554088;16;13/11/2017 18:00;Strada Urbana;VIA DEL CASALETTO;in prossimità;;del civico n.;380;;Investimento di pedone;Rettilineo;Una carreggiata a doppio senso;Asciutto;Asfaltata;Verticale ed orizzontale;Nuvoloso;Normale;Buona;Sufficiente;2;0;0;0;12,43755;41,86392;-1;1;Motociclo con passeggero;In marcia / fermata / arresto;Conducente;M;Ricoverato;0;NON DECEDUTO;Non accertato;
3554094;17;14/11/2017 17:15;Strada Urbana;VIALE DELLE MEDAGLIE D'ORO;in prossimità;;del civico n.;39;;Scontro laterale fra veicoli in marcia;Rettilineo;Una carreggiata a doppio senso;Asciutto;Asfaltata;Verticale ed orizzontale;Nuvoloso;Normale;Buona;Sufficiente;0;0;0;2;12,4463;41,91032;-1;1;Autovettura privata;In marcia / fermata / arresto;Conducente;F;Illeso;0;;;
3554094;17;14/11/2017 17:15;Strada Urbana;VIALE DELLE MEDAGLIE D'ORO;in prossimità;;del civico n.;39;;Scontro laterale fra veicoli in marcia;Rettilineo;Una carreggiata a doppio senso;Asciutto;Asfaltata;Verticale ed orizzontale;Nuvoloso;Normale;Buona;Sufficiente;0;0;0;2;12,4463;41,91032;-1;2;Motociclo a solo;In marcia / fermata / arresto;Conducente;M;Illeso;0;;;
3554096;1;14/11/2017 08:20;Strada Urbana;VIA MARMORATA;da specificare;;;;IN PROSSIMITA' FRONTE A. VOLTA;Veicolo in marcia contro veicolo fermo;Rettilineo;Una carreggiata a doppio senso;Asciutto;Asfaltata;Verticale ed orizzontale;Nuvoloso;Normale;Buona;Ore Diurne;0;0;0;2;12,4784;41,87981;-1;1;Autovettura privata;In marcia / fermata / arresto;Conducente;F;Illeso;0;;Non accertato;
3554096;1;14/11/2017 08:20;Strada Urbana;VIA MARMORATA;da specificare;;;;IN PROSSIMITA' FRONTE A. VOLTA;Veicolo in marcia contro veicolo fermo;Rettilineo;Una carreggiata a doppio senso;Asciutto;Asfaltata;Verticale ed orizzontale;Nuvoloso;Normale;Buona;Ore Diurne;0;0;0;2;12,4784;41,87981;-1;2;Autovettura pubblica;In marcia / fermata / arresto;Conducente;M;Illeso;0;;Non accertato;
3554112;1;14/11/2017 21:40;Strada Urbana;VIA DI S. FRANCESCO DI SALES;in prossimità;;del civico n.;FC 14;;Veicolo in marcia contro veicolo in sosta;Rettilineo;Una carreggiata a senso unico di marcia;Asciutto;In cubetti di porfido;Verticale ed orizzontale;Nuvoloso;Scarso;Sufficiente;Sufficiente;0;0;0;1;12,57651;41,88336;-1;2;Autovettura privata;In marcia / fermata / arresto;Conducente;M;Illeso;0;;Non accertato;
3554115;16;14/11/2017 08:15;Strada Urbana;PIAZZA DI DONNA OLIMPIA;all'intersezione semaforizzata con;VIA DI DONNA OLIMPIA;VIA DI DONNA OLIMPIA;;;Scontro laterale fra veicoli in marcia;Intersezione semaforizzata;Due carreggiate;Asciutto;Asfaltata;Verticale ed orizzontale;Nuvoloso;Normale;Buona;Ore Diurne;0;0;0;2;12,45236;41,87756;-1;1;Autocarro inferiore 35 q.;In marcia / fermata / arresto;Conducente;M;Illeso;0;;Non accertato;Inesploso
3554115;16;14/11/2017 08:15;Strada Urbana;PIAZZA DI DONNA OLIMPIA;all'intersezione semaforizzata con;VIA DI DONNA OLIMPIA;VIA DI DONNA OLIMPIA;;;Scontro laterale fra veicoli in marcia;Intersezione semaforizzata;Due carreggiate;Asciutto;Asfaltata;Verticale ed orizzontale;Nuvoloso;Normale;Buona;Ore Diurne;0;0;0;2;12,45236;41,87756;-1;2;Autovettura privata;In marcia / fermata / arresto;Conducente;M;Illeso;0;;Non accertato;Inesploso
3554120;26;07/11/2017 10:55;Strada Urbana;VIA DEI CERCHI;all'intersezione semaforizzata con;VIA DI S. TEODORO;VIA DI S. TEODORO;;;Infortunio per sola frenata improvvisa;Intersezione semaforizzata;Una carreggiata a senso unico di marcia;Bagnato (pioggia);In cubetti di porfido;Verticale ed orizzontale;Nuvoloso;Normale;Buona;Ore Diurne;1;0;0;0;12,48568;41,88682;-1;1;Motociclo a solo;In marcia / fermata / arresto;Conducente;F;Rimandato;0;NON DECEDUTO;Utilizzato;
3554123;3;13/11/2017 19:10;Strada Urbana;VIALE DELLO SCALO S. LORENZO;da specificare;;;;fronte civico 16;Tamponamento;Rettilineo;Più di due carreggiate;Asciutto;Asfaltata;Orizzontale;Nuvoloso;Intenso;Sufficiente;Sufficiente;0;0;0;3;12,51718;41,89398;-1;1;Autovettura privata;In marcia / fermata / arresto;Conducente;M;Illeso;0;;Non accertato;
3554123;3;13/11/2017 19:10;Strada Urbana;VIALE DELLO SCALO S. LORENZO;da specificare;;;;fronte civico 16;Tamponamento;Rettilineo;Più di due carreggiate;Asciutto;Asfaltata;Orizzontale;Nuvoloso;Intenso;Sufficiente;Sufficiente;0;0;0;3;12,51718;41,89398;-1;2;Autovettura privata;In marcia / fermata / arresto;Conducente;M;Illeso;0;;Non accertato;
3554123;3;13/11/2017 19:10;Strada Urbana;VIALE DELLO SCALO S. LORENZO;da specificare;;;;fronte civico 16;Tamponamento;Rettilineo;Più di due carreggiate;Asciutto;Asfaltata;Orizzontale;Nuvoloso;Intenso;Sufficiente;Sufficiente;0;0;0;3;12,51718;41,89398;-1;2;Autovettura privata;In marcia / fermata / arresto;Passeggero;F;Illeso;0;;Non accertato;
3554134;17;14/11/2017 18:25;Strada Urbana;CIRCONVALLAZIONE TRIONFALE;in corrispondenza;;del civico n.;9;;Tamponamento;Rettilineo;Due carreggiate;Asciutto;Asfaltata;Verticale ed orizzontale;Nuvoloso;Intenso;Buona;Sufficiente;0;0;0;2;12,44914;41,90981;-1;1;Autovettura privata;In marcia / fermata / arresto;Conducente;F;Illeso;0;;;
3554134;17;14/11/2017 18:25;Strada Urbana;CIRCONVALLAZIONE TRIONFALE;in corrispondenza;;del civico n.;9;;Tamponamento;Rettilineo;Due carreggiate;Asciutto;Asfaltata;Verticale ed orizzontale;Nuvoloso;Intenso;Buona;Sufficiente;0;0;0;2;12,44914;41,90981;-1;2;Motociclo a solo;In marcia / fermata / arresto;Conducente;F;Illeso;0;;;
3554146;1;15/11/2017 08:40;Strada Urbana;PIAZZA DI PORTA PORTESE;in corrispondenza;;del palo luce n.;5;;Tamponamento;Rettilineo;Una carreggiata a doppio senso;Asciutto;In cubetti di porfido;Verticale;Nuvoloso;Normale;Buona;Ore Diurne;1;0;0;1;12,47424;41,88397;-1;1;Autovettura pubblica;In marcia / fermata / arresto;Conducente;M;Illeso;0;;;
3554146;1;15/11/2017 08:40;Strada Urbana;PIAZZA DI PORTA PORTESE;in corrispondenza;;del palo luce n.;5;;Tamponamento;Rettilineo;Una carreggiata a doppio senso;Asciutto;In cubetti di porfido;Verticale;Nuvoloso;Normale;Buona;Ore Diurne;1;0;0;1;12,47424;41,88397;-1;2;Motociclo a solo;In marcia / fermata / arresto;Conducente;F;Rifiuta cure immediate;0;NON DECEDUTO;;
3554183;7;15/11/2017 10:46;Strada Urbana;VIA DEI CASTANI;all'intersezione con;VIA DEI GLICINI;VIA DEI GLICINI;;;Tamponamento;Incrocio;Una carreggiata a doppio senso;Asciutto;Asfaltata;Verticale ed orizzontale;Nuvoloso;Normale;Buona;Ore Diurne;0;0;0;2;12,56646;41,87956;-1;1;Autovettura privata;In marcia / fermata / arresto;Conducente;M;Illeso;0;;Non accertato;Inesploso
3554183;7;15/11/2017 10:46;Strada Urbana;VIA DEI CASTANI;all'intersezione con;VIA DEI GLICINI;VIA DEI GLICINI;;;Tamponamento;Incrocio;Una carreggiata a doppio senso;Asciutto;Asfaltata;Verticale ed orizzontale;Nuvoloso;Normale;Buona;Ore Diurne;0;0;0;2;12,56646;41,87956;-1;2;Autovettura privata;In marcia / fermata / arresto;Conducente;M;Illeso;0;;Non accertato;Inesploso
3554186;7;15/11/2017 07:45;Strada Urbana;VIA COLLATINA;in prossimità;;del civico n.;215;;Tamponamento;Rettilineo;Una carreggiata a doppio senso;Asciutto;Asfaltata;Orizzontale;Nuvoloso;Normale;Buona;Ore Diurne;0;0;0;3;12,58462;41,90358;-1;1;Autovettura privata;In marcia / fermata / arresto;Conducente;M;Illeso;0;;;
3554186;7;15/11/2017 07:45;Strada Urbana;VIA COLLATINA;in prossimità;;del civico n.;215;;Tamponamento;Rettilineo;Una carreggiata a doppio senso;Asciutto;Asfaltata;Orizzontale;Nuvoloso;Normale;Buona;Ore Diurne;0;0;0;3;12,58462;41,90358;-1;1;Autovettura privata;In marcia / fermata / arresto;Passeggero;F;Illeso;0;;;
3554186;7;15/11/2017 07:45;Strada Urbana;VIA COLLATINA;in prossimità;;del civico n.;215;;Tamponamento;Rettilineo;Una carreggiata a doppio senso;Asciutto;Asfaltata;Orizzontale;Nuvoloso;Normale;Buona;Ore Diurne;0;0;0;3;12,58462;41,90358;-1;2;Autovettura privata;In marcia / fermata / arresto;Conducente;M;Illeso;0;;;
3554217;16;14/11/2017 07:30;Strada Urbana;PIAZZA QUINTO CECILIO;in prossimità;;del civico n.;7;;Veicolo in marcia contro veicolo in sosta;Rettilineo;Una carreggiata a doppio senso;Asciutto;Asfaltata;Verticale ed orizzontale;Sereno;Scarso;Buona;Ore Diurne;0;0;0;1;12,45491;41,87992;-1;2;Motociclo a solo;In marcia / fermata / arresto;Conducente;F;Illeso;0;;Non accertato;
3554232;1;10/11/2017 10:00;Strada Urbana;PIAZZA DI FIRENZE;in corrispondenza;;del civico n.;FC 24;;Veicolo in marcia contro ostacolo fisso;Rettilineo;Una carreggiata a senso unico di marcia;Asciutto;Acciotolata;Temporanea di cantiere;Sereno;Scarso;Buona;Ore Diurne;0;0;0;1;12,47587;41,90226;-1;1;Autocarro inferiore 35 q.;In marcia / fermata / arresto;Conducente;M;Illeso;0;;Non accertato;
3554249;1;13/11/2017 18:23;Strada Urbana;PIAZZA DI PORTA MAGGIORE;all'intersezione semaforizzata con;VIA GIOVANNI GIOLITTI;VIA GIOVANNI GIOLITTI;;;Scontro laterale fra veicoli in marcia;Intersezione semaforizzata;Una carreggiata a senso unico di marcia;Asciutto;Asfaltata;Verticale ed orizzontale;Sereno;Intenso;Sufficiente;Sufficiente;1;0;0;2;12,51473;41,8922;-1;1;Autovettura privata;In marcia / fermata / arresto;Conducente;M;Ricoverato;0;NON DECEDUTO;Non accertato;Inesploso
3554249;1;13/11/2017 18:23;Strada Urbana;PIAZZA DI PORTA MAGGIORE;all'intersezione semaforizzata con;VIA GIOVANNI GIOLITTI;VIA GIOVANNI GIOLITTI;;;Scontro laterale fra veicoli in marcia;Intersezione semaforizzata;Una carreggiata a senso unico di marcia;Asciutto;Asfaltata;Verticale ed orizzontale;Sereno;Intenso;Sufficiente;Sufficiente;1;0;0;2;12,51473;41,8922;-1;2;Autocarro inferiore 35 q.;In marcia / fermata / arresto;Conducente;M;Illeso;0;;Non accertato;Inesploso
3554249;1;13/11/2017 18:23;Strada Urbana;PIAZZA DI PORTA MAGGIORE;all'intersezione semaforizzata con;VIA GIOVANNI GIOLITTI;VIA GIOVANNI GIOLITTI;;;Scontro laterale fra veicoli in marcia;Intersezione semaforizzata;Una carreggiata a senso unico di marcia;Asciutto;Asfaltata;Verticale ed orizzontale;Sereno;Intenso;Sufficiente;Sufficiente;1;0;0;2;12,51473;41,8922;-1;2;Autocarro inferiore 35 q.;In marcia / fermata / arresto;Passeggero;M;Illeso;0;;Non accertato;Inesploso
3554294;16;11/11/2017 09:40;Strada Urbana;VIA DI VILLA TROILI;in prossimità;;del civico n.;100;;Veicolo in marcia contro ostacolo accidentale;Rettilineo;Una carreggiata a doppio senso;Asciutto;Con buche;Assente;Nuvoloso;Scarso;Buona;Ore Diurne;0;0;0;1;12,40662;41,87648;-1;1;Autovettura privata;In marcia / fermata / arresto;Conducente;M;Illeso;0;;Non accertato;
3554297;16;14/11/2017 11:00;Strada Urbana;CIRCONVALLAZIONE GIANICOLENSE;in prossimità;;del civico n.;77;;Scontro laterale fra veicoli in marcia;Rettilineo;Più di due carreggiate;Bagnato (umidità in atto);Asfaltata;Verticale ed orizzontale;Nuvoloso;Normale;Buona;Ore Diurne;0;0;0;2;12,45913;41,87113;-1;1;Autocarro inferiore 35 q.;In marcia / fermata / arresto;Conducente;M;Illeso;0;;Non accertato;
3554297;16;14/11/2017 11:00;Strada Urbana;CIRCONVALLAZIONE GIANICOLENSE;in prossimità;;del civico n.;77;;Scontro laterale fra veicoli in marcia;Rettilineo;Più di due carreggiate;Bagnato (umidità in atto);Asfaltata;Verticale ed orizzontale;Nuvoloso;Normale;Buona;Ore Diurne;0;0;0;2;12,45913;41,87113;-1;2;Autovettura privata;In marcia / fermata / arresto;Conducente;M;Illeso;0;;Non accertato;
3554302;6;15/11/2017 10:30;Strada Urbana;VIA GUGLIELMO DEGLI UBERTINI;in corrispondenza;;del civico n.;20;;Veicolo in marcia contro veicolo in sosta;Rettilineo;Due carreggiate;Asciutto;Asfaltata;Verticale ed orizzontale;Nuvoloso;Normale;Buona;Ore Diurne;0;0;0;1;12,54006;41,88829;-1;1;Autovettura privata;In marcia / fermata / arresto;Conducente;F;Illeso;0;;Non accertato;Inesploso
3554307;9;15/11/2017 12:15;Strada Urbana;VIA RIMINI;all'intersezione con;VIA URBINO;VIA URBINO;;;Scontro frontale/laterale DX fra veicoli in marcia;Incrocio;Una carreggiata a senso unico di marcia;Bagnato (pioggia);Asfaltata;Verticale ed orizzontale;Pioggia in atto;Normale;Buona;Ore Diurne;1;0;0;1;12,51208;41,88439;-1;1;Autovettura privata;In marcia / fermata / arresto;Conducente;F;Illeso;0;;Utilizzato;Inesploso
3554307;9;15/11/2017 12:15;Strada Urbana;VIA RIMINI;all'intersezione con;VIA URBINO;VIA URBINO;;;Scontro frontale/laterale DX fra veicoli in marcia;Incrocio;Una carreggiata a senso unico di marcia;Bagnato (pioggia);Asfaltata;Verticale ed orizzontale;Pioggia in atto;Normale;Buona;Ore Diurne;1;0;0;1;12,51208;41,88439;-1;2;Motociclo a solo;In marcia / fermata / arresto;Conducente;M;Rimandato;0;NON DECEDUTO;Utilizzato;
3554308;16;14/11/2017 16:30;Strada Urbana;PIAZZA S. GIOVANNI DI DIO;in prossimità;;del civico n.;18;;Scontro laterale fra veicoli in marcia;Rettilineo;Una carreggiata a senso unico di marcia;Asciutto;Asfaltata;Verticale ed orizzontale;Sereno;Normale;Buona;Ore Diurne;0;0;0;4;12,44664;41,87536;-1;1;Autovettura privata;In marcia / fermata / arresto;Conducente;F;Illeso;0;;Non accertato;Inesploso
3554308;16;14/11/2017 16:30;Strada Urbana;PIAZZA S. GIOVANNI DI DIO;in prossimità;;del civico n.;18;;Scontro laterale fra veicoli in marcia;Rettilineo;Una carreggiata a senso unico di marcia;Asciutto;Asfaltata;Verticale ed orizzontale;Sereno;Normale;Buona;Ore Diurne;0;0;0;4;12,44664;41,87536;-1;1;Autovettura privata;In marcia / fermata / arresto;Passeggero;F;Illeso;0;;Non accertato;Inesploso
3554308;16;14/11/2017 16:30;Strada Urbana;PIAZZA S. GIOVANNI DI DIO;in prossimità;;del civico n.;18;;Scontro laterale fra veicoli in marcia;Rettilineo;Una carreggiata a senso unico di marcia;Asciutto;Asfaltata;Verticale ed orizzontale;Sereno;Normale;Buona;Ore Diurne;0;0;0;4;12,44664;41,87536;-1;1;Autovettura privata;In marcia / fermata / arresto;Passeggero;F;Illeso;0;;Non accertato;Inesploso
3554308;16;14/11/2017 16:30;Strada Urbana;PIAZZA S. GIOVANNI DI DIO;in prossimità;;del civico n.;18;;Scontro laterale fra veicoli in marcia;Rettilineo;Una carreggiata a senso unico di marcia;Asciutto;Asfaltata;Verticale ed orizzontale;Sereno;Normale;Buona;Ore Diurne;0;0;0;4;12,44664;41,87536;-1;2;Ciclomotore;In marcia / fermata / arresto;Conducente;M;Illeso;0;;Non accertato;
3554321;16;14/11/2017 17:30;Strada Urbana;PIAZZALE EUGENIO MORELLI;da specificare;;;;fronte civico 1;Scontro laterale fra veicoli in marcia;Rettilineo;Più di due carreggiate;Asciutto;Asfaltata;Verticale ed orizzontale;Nuvoloso;Intenso;Sufficiente;Sufficiente;0;0;0;2;12,44349;41,86041;-1;1;Autovettura privata;In marcia / fermata / arresto;Conducente;F;Illeso;0;;Non accertato;
3554321;16;14/11/2017 17:30;Strada Urbana;PIAZZALE EUGENIO MORELLI;da specificare;;;;fronte civico 1;Scontro laterale fra veicoli in marcia;Rettilineo;Più di due carreggiate;Asciutto;Asfaltata;Verticale ed orizzontale;Nuvoloso;Intenso;Sufficiente;Sufficiente;0;0;0;2;12,44349;41,86041;-1;2;Autovettura privata;In marcia / fermata / arresto;Conducente;F;Illeso;0;;Non accertato;
3554327;16;14/11/2017 22:40;Strada Urbana;VIA FRATELLI BONNET;all'intersezione con;VIA DEL VASCELLO;VIA DEL VASCELLO;;;Scontro frontale/laterale DX fra veicoli in marcia;Incrocio;Una carreggiata a senso unico di marcia;Bagnato (pioggia);Asfaltata;Verticale ed orizzontale;Pioggia in atto;Scarso;Sufficiente;Sufficiente;5;0;0;0;12,45973;41,88521;-1;1;Autovettura privata;In marcia / fermata / arresto;Conducente;F;Rimandato;0;NON DECEDUTO;Non accertato;Inesploso
3554327;16;14/11/2017 22:40;Strada Urbana;VIA FRATELLI BONNET;all'intersezione con;VIA DEL VASCELLO;VIA DEL VASCELLO;;;Scontro frontale/laterale DX fra veicoli in marcia;Incrocio;Una carreggiata a senso unico di marcia;Bagnato (pioggia);Asfaltata;Verticale ed orizzontale;Pioggia in atto;Scarso;Sufficiente;Sufficiente;5;0;0;0;12,45973;41,88521;-1;1;Autovettura privata;In marcia / fermata / arresto;Passeggero;F;Rimandato;0;NON DECEDUTO;Non accertato;Inesploso
3554327;16;14/11/2017 22:40;Strada Urbana;VIA FRATELLI BONNET;all'intersezione con;VIA DEL VASCELLO;VIA DEL VASCELLO;;;Scontro frontale/laterale DX fra veicoli in marcia;Incrocio;Una carreggiata a senso unico di marcia;Bagnato (pioggia);Asfaltata;Verticale ed orizzontale;Pioggia in atto;Scarso;Sufficiente;Sufficiente;5;0;0;0;12,45973;41,88521;-1;1;Autovettura privata;In marcia / fermata / arresto;Passeggero;F;Rimandato;0;NON DECEDUTO;Non accertato;Inesploso
3554327;16;14/11/2017 22:40;Strada Urbana;VIA FRATELLI BONNET;all'intersezione con;VIA DEL VASCELLO;VIA DEL VASCELLO;;;Scontro frontale/laterale DX fra veicoli in marcia;Incrocio;Una carreggiata a senso unico di marcia;Bagnato (pioggia);Asfaltata;Verticale ed orizzontale;Pioggia in atto;Scarso;Sufficiente;Sufficiente;5;0;0;0;12,45973;41,88521;-1;2;Quadriciclo leggero;In marcia / fermata / arresto;Conducente;M;Rimandato;0;NON DECEDUTO;Non accertato;Inesploso
3554327;16;14/11/2017 22:40;Strada Urbana;VIA FRATELLI BONNET;all'intersezione con;VIA DEL VASCELLO;VIA DEL VASCELLO;;;Scontro frontale/laterale DX fra veicoli in marcia;Incrocio;Una carreggiata a senso unico di marcia;Bagnato (pioggia);Asfaltata;Verticale ed orizzontale;Pioggia in atto;Scarso;Sufficiente;Sufficiente;5;0;0;0;12,45973;41,88521;-1;2;Quadriciclo leggero;In marcia / fermata / arresto;Passeggero;M;Rimandato;0;NON DECEDUTO;Non accertato;Inesploso
3554434;12;15/11/2017 08:00;Strada Urbana;VIA ANTONIO SIGNORINI;in corrispondenza;;del civico n.;6;;Veicolo in marcia contro veicoli in sosta;Rettilineo;Due carreggiate;Bagnato (umidità in atto);Asfaltata;Verticale ed orizzontale;Nuvoloso;Scarso;Buona;Ore Diurne;0;0;0;1;12,47326;41,79493;-1;1;Autovettura privata;In marcia / fermata / arresto;Conducente;M;Illeso;0;;Non accertato;