Protocollo;Gruppo;DataOraIncidente;Localizzazione1;STRADA1;Localizzazione2;STRADA2;Strada02;Chilometrica;DaSpecificare;NaturaIncidente;particolaritastrade;TipoStrada;FondoStradale;Pavimentazione;Segnaletica;CondizioneAtmosferica;Traffico;Visibilita;Illuminazione;NUM_FERITI;NUM_RISERVATA;NUM_MORTI;NUM_ILLESI;Longitudine;Latitudine;Confermato;Progressivo;TipoVeicolo;StatoVeicolo;TipoPersona;Sesso;Tipolesione;Deceduto;DecedutoDopo;CinturaCascoUtilizzato;Airbag
3560993;6;17/11/2017 13:45;Strada Urbana;VIA MONTEFORTE IRPINO;da specificare;;;;altezza Viale Partenope;Scontro laterale fra veicoli in marcia;Rettilineo;Una carreggiata a doppio senso;Asciutto;Asfaltata;Verticale ed orizzontale;Sereno;Normale;Buona;Ore Diurne;0;0;0;2;12,55126;41,8913;-1;1;Autovettura privata;In marcia / fermata / arresto;Conducente;F;Illeso;0;;;
3560993;6;17/11/2017 13:45;Strada Urbana;VIA MONTEFORTE IRPINO;da specificare;;;;altezza Viale Partenope;Scontro laterale fra veicoli in marcia;Rettilineo;Una carreggiata a doppio senso;Asciutto;Asfaltata;Verticale ed orizzontale;Sereno;Normale;Buona;Ore Diurne;0;0;0;2;12,55126;41,8913;-1;2;Autovettura privata;In marcia / fermata / arresto;Conducente;M;Illeso;0;;;
3560995;7;19/11/2017 12:00;Strada Urbana;VIA DEI CASTANI;all'intersezione con;VIA DEI GLICINI;VIA DEI GLICINI;;;Scontro frontale/laterale DX fra veicoli in marcia;Intersezione stradale segnalata;Una carreggiata a doppio senso;Asciutto;Asfaltata;Verticale ed orizzontale;Sereno;Normale;Buona;Ore Diurne;1;0;0;2;12,5665;41,87958;-1;1;Autovettura privata;In marcia / fermata / arresto;Conducente;M;Rimandato;0;NON DECEDUTO;;
3560995;7;19/11/2017 12:00;Strada Urbana;VIA DEI CASTANI;all'intersezione con;VIA DEI GLICINI;VIA DEI GLICINI;;;Scontro frontale/laterale DX fra veicoli in marcia;Intersezione stradale segnalata;Una carreggiata a doppio senso;Asciutto;Asfaltata;Verticale ed orizzontale;Sereno;Normale;Buona;Ore Diurne;1;0;0;2;12,5665;41,87958;-1;2;Autovettura privata;In marcia / fermata / arresto;Conducente;M;Illeso;0;;;
3560995;7;19/11/2017 12:00;Strada Urbana;VIA DEI CASTANI;all'intersezione con;VIA DEI GLICINI;VIA DEI GLICINI;;;Scontro frontale/laterale DX fra veicoli in marcia;Intersezione stradale segnalata;Una carreggiata a doppio senso;Asciutto;Asfaltata;Verticale ed orizzontale;Sereno;Normale;Buona;Ore Diurne;1;0;0;2;12,5665;41,87958;-1;2;Autovettura privata;In marcia / fermata / arresto;Passeggero;M;Illeso;0;;;
3561001;10;19/11/2017 13:35;Strada Urbana;VIA DI PASSO LOMBARDO;all'intersezione con;VIA DI VERMICINO;VIA DI VERMICINO;;;Scontro frontale/laterale DX fra veicoli in marcia;Incrocio;Una carreggiata a doppio senso;Asciutto;Asfaltata;Verticale ed orizzontale;Sereno;Normale;Buona;Ore Diurne;0;0;0;6;12,64354;41,82266;-1;1;Autovettura privata;In marcia / fermata / arresto;Conducente;M;Illeso;0;;Non accertato;Inesploso
3561001;10;19/11/2017 13:35;Strada Urbana;VIA DI PASSO LOMBARDO;all'intersezione con;VIA DI VERMICINO;VIA DI VERMICINO;;;Scontro frontale/laterale DX fra veicoli in marcia;Incrocio;Una carreggiata a doppio senso;Asciutto;Asfaltata;Verticale ed orizzontale;Sereno;Normale;Buona;Ore Diurne;0;0;0;6;12,64354;41,82266;-1;1;Autovettura privata;In marcia / fermata / arresto;Passeggero;F;Illeso;0;;Non accertato;Inesploso
3561001;10;19/11/2017 13:35;Strada Urbana;VIA DI PASSO LOMBARDO;all'intersezione con;VIA DI VERMICINO;VIA DI VERMICINO;;;Scontro frontale/laterale DX fra veicoli in marcia;Incrocio;Una carreggiata a doppio senso;Asciutto;Asfaltata;Verticale ed orizzontale;Sereno;Normale;Buona;Ore Diurne;0;0;0;6;12,64354;41,82266;-1;1;Autovettura privata;In marcia / fermata / arresto;Passeggero;M;Illeso;0;;Non accertato;Inesploso
3561001;10;19/11/2017 13:35;Strada Urbana;VIA DI PASSO LOMBARDO;all'intersezione con;VIA DI VERMICINO;VIA DI VERMICINO;;;Scontro frontale/laterale DX fra veicoli in marcia;Incrocio;Una carreggiata a doppio senso;Asciutto;Asfaltata;Verticale ed orizzontale;Sereno;Normale;Buona;Ore Diurne;0;0;0;6;12,64354;41,82266;-1;1;Autovettura privata;In marcia / fermata / arresto;Passeggero;F;Illeso;0;;Non accertato;Inesploso
3561001;10;19/11/2017 13:35;Strada Urbana;VIA DI PASSO LOMBARDO;all'intersezione con;VIA DI VERMICINO;VIA DI VERMICINO;;;Scontro frontale/laterale DX fra veicoli in marcia;Incrocio;Una carreggiata a doppio senso;Asciutto;Asfaltata;Verticale ed orizzontale;Sereno;Normale;Buona;Ore Diurne;0;0;0;6;12,64354;41,82266;-1;1;Autovettura privata;In marcia / fermata / arresto;Passeggero;M;Illeso;0;;;Inesploso
3561001;10;19/11/2017 13:35;Strada Urbana;VIA DI PASSO LOMBARDO;all'intersezione con;VIA DI VERMICINO;VIA DI VERMICINO;;;Scontro frontale/laterale DX fra veicoli in marcia;Incrocio;Una carreggiata a doppio senso;Asciutto;Asfaltata;Verticale ed orizzontale;Sereno;Normale;Buona;Ore Diurne;0;0;0;6;12,64354;41,82266;-1;2;Autovettura privata;In marcia / fermata / arresto;Conducente;M;Illeso;0;;Non accertato;Inesploso
3561003;5;18/11/2017 03:00;Strada Urbana;VIA TIBURTINA;all'intersezione semaforizzata con;VIA SAMBUCI;VIA SAMBUCI;;;Scontro frontale/laterale DX fra veicoli in marcia;Incrocio;Due carreggiate;Asciutto;Asfaltata;Verticale ed orizzontale;Sereno;Scarso;Insufficiente;Insufficiente;0;0;0;2;12,61251;41,93583;-1;1;Autovettura privata;In marcia / fermata / arresto;Conducente;M;Illeso;0;;Non accertato;Inesploso
3561003;5;18/11/2017 03:00;Strada Urbana;VIA TIBURTINA;all'intersezione semaforizzata con;VIA SAMBUCI;VIA SAMBUCI;;;Scontro frontale/laterale DX fra veicoli in marcia;Incrocio;Due carreggiate;Asciutto;Asfaltata;Verticale ed orizzontale;Sereno;Scarso;Insufficiente;Insufficiente;0;0;0;2;12,61251;41,93583;-1;2;Autovettura privata;In marcia / fermata / arresto;Conducente;M;Illeso;0;;Non accertato;Inesploso
3561006;10;19/11/2017 17:30;Strada Urbana;VIA TUSCOLANA;da specificare;;;;pross Via Torre Spaccata;Tamponamento;Rettilineo;Due carreggiate;Asciutto;Asfaltata;Assente;Sereno;Normale;Buona;Sufficiente;0;0;0;2;12,57625;41,84824;-1;1;Autovettura privata;In marcia / fermata / arresto;Conducente;M;Illeso;0;;Non accertato;Inesploso
3561006;10;19/11/2017 17:30;Strada Urbana;VIA TUSCOLANA;da specificare;;;;pross Via Torre Spaccata;Tamponamento;Rettilineo;Due carreggiate;Asciutto;Asfaltata;Assente;Sereno;Normale;Buona;Sufficiente;0;0;0;2;12,57625;41,84824;-1;2;Autovettura privata;In marcia / fermata / arresto;Conducente;M;Illeso;0;;Non accertato;Inesploso
3561017;6;17/11/2017 19:40;Strada Urbana;VIA BARTOLOMEO GENGA;all'intersezione con;VIA GALEAZZO ALESSI;VIA GALEAZZO ALESSI;;;Scontro frontale/laterale SX fra veicoli in marcia;Incrocio;Una carreggiata a doppio senso;Asciutto;Asfaltata;Verticale ed orizzontale;Sereno;Scarso;Buona;Sufficiente;1;0;0;1;12,53488;41,88111;-1;1;Motociclo a solo;In marcia / fermata / arresto;Conducente;M;Rifiuta cure immediate;0;NON DECEDUTO;;
3561017;6;17/11/2017 19:40;Strada Urbana;VIA BARTOLOMEO GENGA;all'intersezione con;VIA GALEAZZO ALESSI;VIA GALEAZZO ALESSI;;;Scontro frontale/laterale SX fra veicoli in marcia;Incrocio;Una carreggiata a doppio senso;Asciutto;Asfaltata;Verticale ed orizzontale;Sereno;Scarso;Buona;Sufficiente;1;0;0;1;12,53488;41,88111;-1;2;Autovettura privata;In marcia / fermata / arresto;Conducente;M;Illeso;0;;;
3561024;5;18/11/2017 17:45;Strada Urbana;VIA DELLE CASE ROSSE;da specificare;;;;interno area parcheggio priv. Unieuro Tecnopolo;Scontro frontale/laterale DX fra veicoli in marcia;Rettilineo;Una carreggiata a doppio senso;Asciutto;Asfaltata;Orizzontale;Sereno;Scarso;Buona;Sufficiente;2;0;0;1;12,63629;41,92746;-1;1;Autovettura privata;In marcia / fermata / arresto;Conducente;M;Illeso;0;;Non accertato;Inesploso
3561024;5;18/11/2017 17:45;Strada Urbana;VIA DELLE CASE ROSSE;da specificare;;;;interno area parcheggio priv. Unieuro Tecnopolo;Scontro frontale/laterale DX fra veicoli in marcia;Rettilineo;Una carreggiata a doppio senso;Asciutto;Asfaltata;Orizzontale;Sereno;Scarso;Buona;Sufficiente;2;0;0;1;12,63629;41,92746;-1;2;Motociclo a solo;In marcia / fermata / arresto;Conducente;M;Rimandato;0;NON DECEDUTO;Non accertato;
3561024;5;18/11/2017 17:45;Strada Urbana;VIA DELLE CASE ROSSE;da specificare;;;;interno area parcheggio priv. Unieuro Tecnopolo;Scontro frontale/laterale DX fra veicoli in marcia;Rettilineo;Una carreggiata a doppio senso;Asciutto;Asfaltata;Orizzontale;Sereno;Scarso;Buona;Sufficiente;2;0;0;1;12,63629;41,92746;-1;2;Motociclo a solo;In marcia / fermata / arresto;Passeggero;M;Rimandato;0;NON DECEDUTO;Non accertato;
3561025;10;20/11/2017 00:13;Strada Urbana;VIA STATILIO OTTATO;all'intersezione con;PIAZZA QUINTO CURZIO;PIAZZA QUINTO CURZIO;;;Scontro frontale/laterale SX fra veicoli in marcia;Incrocio;Una carreggiata a senso unico di marcia;Asciutto;Asfaltata;Verticale ed orizzontale;Sereno;Scarso;Buona;Sufficiente;2;0;0;1;12,56822;41,85634;-1;1;Autovettura privata;In marcia / fermata / arresto;Conducente;M;Rimandato;0;NON DECEDUTO;Non accertato;Inesploso
3561025;10;20/11/2017 00:13;Strada Urbana;VIA STATILIO OTTATO;all'intersezione con;PIAZZA QUINTO CURZIO;PIAZZA QUINTO CURZIO;;;Scontro frontale/laterale SX fra veicoli in marcia;Incrocio;Una carreggiata a senso unico di marcia;Asciutto;Asfaltata;Verticale ed orizzontale;Sereno;Scarso;Buona;Sufficiente;2;0;0;1;12,56822;41,85634;-1;1;Autovettura privata;In marcia / fermata / arresto;Passeggero;M;Rimandato;0;NON DECEDUTO;Non accertato;Inesploso
3561025;10;20/11/2017 00:13;Strada Urbana;VIA STATILIO OTTATO;all'intersezione con;PIAZZA QUINTO CURZIO;PIAZZA QUINTO CURZIO;;;Scontro frontale/laterale SX fra veicoli in marcia;Incrocio;Una carreggiata a senso unico di marcia;Asciutto;Asfaltata;Verticale ed orizzontale;Sereno;Scarso;Buona;Sufficiente;2;0;0;1;12,56822;41,85634;-1;2;Autovettura privata;In marcia / fermata / arresto;Conducente;F;Illeso;0;;Non accertato;Inesploso
3561043;20;18/11/2017 18:50;Strada Urbana;VIA CONCESIO;da specificare;;;;Alt. palo Luce tra 23 e 21;Scontro frontale fra veicoli in marcia;Rettilineo;Una carreggiata a doppio senso;Asciutto;Asfaltata;Orizzontale;Sereno;Normale;Sufficiente;Sufficiente;3;0;0;1;12,48346;42,0078;-1;1;Autovettura privata;In marcia / fermata / arresto;Conducente;M;Rimandato;0;NON DECEDUTO;Non accertato;Inesploso
3561043;20;18/11/2017 18:50;Strada Urbana;VIA CONCESIO;da specificare;;;;Alt. palo Luce tra 23 e 21;Scontro frontale fra veicoli in marcia;Rettilineo;Una carreggiata a doppio senso;Asciutto;Asfaltata;Orizzontale;Sereno;Normale;Sufficiente;Sufficiente;3;0;0;1;12,48346;42,0078;-1;2;Autovettura privata;In marcia / fermata / arresto;Conducente;M;Illeso;0;;Non accertato;Inesploso
3561043;20;18/11/2017 18:50;Strada Urbana;VIA CONCESIO;da specificare;;;;Alt. palo Luce tra 23 e 21;Scontro frontale fra veicoli in marcia;Rettilineo;Una carreggiata a doppio senso;Asciutto;Asfaltata;Orizzontale;Sereno;Normale;Sufficiente;Sufficiente;3;0;0;1;12,48346;42,0078;-1;2;Autovettura privata;In marcia / fermata / arresto;Passeggero;F;Rimandato;0;NON DECEDUTO;Non accertato;Inesistente
3561043;20;18/11/2017 18:50;Strada Urbana;VIA CONCESIO;da specificare;;;;Alt. palo Luce tra 23 e 21;Scontro frontale fra veicoli in marcia;Rettilineo;Una carreggiata a doppio senso;Asciutto;Asfaltata;Orizzontale;Sereno;Normale;Sufficiente;Sufficiente;3;0;0;1;12,48346;42,0078;-1;2;Autovettura privata;In marcia / fermata / arresto;Passeggero;M;Rimandato;0;NON DECEDUTO;Non accertato;Inesistente
3561047;20;18/11/2017 17:10;Strada Urbana;VIALE DI TOR DI QUINTO;in corrispondenza;;del civico n.;61;;Veicolo in marcia contro ostacolo fisso;Rettilineo;Più di due carreggiate;Asciutto;Asfaltata;Verticale ed orizzontale;Sereno;Normale;Buona;Sufficiente;1;0;0;0;12,48208;41,94146;-1;1;Ciclomotore;In marcia / fermata / arresto;Conducente;M;Rimandato;0;NON DECEDUTO;Non accertato;
3561048;13;18/11/2017 18:30;Strada Urbana;VIA ALGAJOLA;all'intersezione con;Via della Stella Polare;Via della Stella Polare;;;Scontro frontale/laterale DX fra veicoli in marcia;Incrocio;Una carreggiata a doppio senso;Asciutto;Asfaltata;Verticale;Sereno;Scarso;Buona;Sufficiente;0;0;0;3;12,29152;41,72634;-1;1;Autovettura privata;In marcia / fermata / arresto;Conducente;F;Illeso;0;;Non accertato;Esploso
3561048;13;18/11/2017 18:30;Strada Urbana;VIA ALGAJOLA;all'intersezione con;Via della Stella Polare;Via della Stella Polare;;;Scontro frontale/laterale DX fra veicoli in marcia;Incrocio;Una carreggiata a doppio senso;Asciutto;Asfaltata;Verticale;Sereno;Scarso;Buona;Sufficiente;0;0;0;3;12,29152;41,72634;-1;1;Autovettura privata;In marcia / fermata / arresto;Passeggero;F;Illeso;0;;Non accertato;Esploso
3561048;13;18/11/2017 18:30;Strada Urbana;VIA ALGAJOLA;all'intersezione con;Via della Stella Polare;Via della Stella Polare;;;Scontro frontale/laterale DX fra veicoli in marcia;Incrocio;Una carreggiata a doppio senso;Asciutto;Asfaltata;Verticale;Sereno;Scarso;Buona;Sufficiente;0;0;0;3;12,29152;41,72634;-1;2;Autovettura privata;In marcia / fermata / arresto;Conducente;M;Illeso;0;;Non accertato;Esploso
3561053;6;18/11/2017 07:50;Strada Urbana;VIA RICCARDO PITTERI;all'intersezione con;VIA GIORGIO PITACCO;VIA GIORGIO PITACCO;;;Scontro frontale/laterale SX fra veicoli in marcia;Incrocio;Una carreggiata a senso unico di marcia;Asciutto;Asfaltata;Verticale;Sereno;Scarso;Buona;Ore Diurne;0;0;0;2;12,54766;41,89411;-1;1;Autovettura privata;In marcia / fermata / arresto;Conducente;F;Illeso;0;;;
3561053;6;18/11/2017 07:50;Strada Urbana;VIA RICCARDO PITTERI;all'intersezione con;VIA GIORGIO PITACCO;VIA GIORGIO PITACCO;;;Scontro frontale/laterale SX fra veicoli in marcia;Incrocio;Una carreggiata a senso unico di marcia;Asciutto;Asfaltata;Verticale;Sereno;Scarso;Buona;Ore Diurne;0;0;0;2;12,54766;41,89411;-1;2;Autocarro inferiore 35 q.;In marcia / fermata / arresto;Conducente;M;Illeso;0;;;
3561058;6;18/11/2017 04:00;Strada Urbana;VIA DEI GORDIANI;da specificare;;;;altezza via belmonte castello;Veicolo in marcia contro ostacolo fisso;Curva a visuale libera;Una carreggiata a doppio senso;Asciutto;Asfaltata;Verticale ed orizzontale;Sereno;Scarso;Sufficiente;Sufficiente;0;0;0;1;12,55412;41,88394;-1;1;Autovettura privata;In marcia / fermata / arresto;Conducente;M;Illeso;0;;;
3561059;5;19/11/2017 00:01;Strada Urbana;VIALE DELLA SERENISSIMA;da specificare;;;;Alt. ponte della Ferrovia;Scontro laterale fra veicoli in marcia;Rettilineo;Due carreggiate;Asciutto;Asfaltata;Verticale ed orizzontale;Sereno;Normale;Buona;Sufficiente;0;0;0;4;12,55789;41,89987;-1;1;Autovettura privata;In marcia / fermata / arresto;Conducente;M;Illeso;0;;Non accertato;Inesploso
3561059;5;19/11/2017 00:01;Strada Urbana;VIALE DELLA SERENISSIMA;da specificare;;;;Alt. ponte della Ferrovia;Scontro laterale fra veicoli in marcia;Rettilineo;Due carreggiate;Asciutto;Asfaltata;Verticale ed orizzontale;Sereno;Normale;Buona;Sufficiente;0;0;0;4;12,55789;41,89987;-1;2;Autovettura privata;In marcia / fermata / arresto;Conducente;M;Illeso;0;;Non accertato;Inesploso
3561059;5;19/11/2017 00:01;Strada Urbana;VIALE DELLA SERENISSIMA;da specificare;;;;Alt. ponte della Ferrovia;Scontro laterale fra veicoli in marcia;Rettilineo;Due carreggiate;Asciutto;Asfaltata;Verticale ed orizzontale;Sereno;Normale;Buona;Sufficiente;0;0;0;4;12,55789;41,89987;-1;3;Autovettura privata;In marcia / fermata / arresto;Conducente;M;Illeso;0;;Non accertato;Inesploso
3561059;5;19/11/2017 00:01;Strada Urbana;VIALE DELLA SERENISSIMA;da specificare;;;;Alt. ponte della Ferrovia;Scontro laterale fra veicoli in marcia;Rettilineo;Due carreggiate;Asciutto;Asfaltata;Verticale ed orizzontale;Sereno;Normale;Buona;Sufficiente;0;0;0;4;12,55789;41,89987;-1;3;Autovettura privata;In marcia / fermata / arresto;Passeggero;F;Illeso;0;;Non accertato;Inesploso
3561061;18;17/11/2017 19:05;Strada Urbana;VIA LEONE XIII;da specificare;;;;PROSSIMITA' VIA F.BERNARDINI;Scontro laterale fra veicoli in marcia;Rettilineo;Due carreggiate;Asciutto;Asfaltata;Verticale ed orizzontale;Sereno;Normale;Sufficiente;Sufficiente;1;0;0;2;12,44044;41,88694;-1;1;Autovettura privata;In marcia / fermata / arresto;Conducente;M;Illeso;0;;;
3561061;18;17/11/2017 19:05;Strada Urbana;VIA LEONE XIII;da specificare;;;;PROSSIMITA' VIA F.BERNARDINI;Scontro laterale fra veicoli in marcia;Rettilineo;Due carreggiate;Asciutto;Asfaltata;Verticale ed orizzontale;Sereno;Normale;Sufficiente;Sufficiente;1;0;0;2;12,44044;41,88694;-1;2;Motociclo a solo;In marcia / fermata / arresto;Conducente;M;Rimandato;0;NON DECEDUTO;;
3561061;18;17/11/2017 19:05;Strada Urbana;VIA LEONE XIII;da specificare;;;;PROSSIMITA' VIA F.BERNARDINI;Scontro laterale fra veicoli in marcia;Rettilineo;Due carreggiate;Asciutto;Asfaltata;Verticale ed orizzontale;Sereno;Normale;Sufficiente;Sufficiente;1;0;0;2;12,44044;41,88694;-1;3;Autovettura privata;In marcia / fermata / arresto;Conducente;F;Illeso;0;;;
3561062;13;19/11/2017 12:20;;VIA GIOVANNI BOLDINI;all'intersezione con;VIA FRANCESCO INGOLI;VIA FRANCESCO INGOLI;;;Tamponamento;;;;;;;;;;0;0;0;2;;;0;1;Autovettura privata;In marcia / fermata / arresto;Conducente;F;Illeso;0;;Non accertato;Inesploso
3561062;13;19/11/2017 12:20;;VIA GIOVANNI BOLDINI;all'intersezione con;VIA FRANCESCO INGOLI;VIA FRANCESCO INGOLI;;;Tamponamento;;;;;;;;;;0;0;0;2;;;0;2;Autovettura privata;In marcia / fermata / arresto;Conducente;M;Illeso;0;;Non accertato;Inesploso
3561069;20;19/11/2017 09:00;Strada Urbana;VIA CASSIA;in prossimità;;del civico n.;1288;;Scontro laterale fra veicoli in marcia;Rettilineo;Una carreggiata a senso unico di marcia;Asciutto;Asfaltata;Verticale ed orizzontale;Nuvoloso;Normale;Buona;Ore Diurne;1;0;0;1;12,40763;41,98465;-1;1;Autovettura privata;In marcia / fermata / arresto;Conducente;M;Illeso;0;;Non accertato;Inesploso
3561069;20;19/11/2017 09:00;Strada Urbana;VIA CASSIA;in prossimità;;del civico n.;1288;;Scontro laterale fra veicoli in marcia;Rettilineo;Una carreggiata a senso unico di marcia;Asciutto;Asfaltata;Verticale ed orizzontale;Nuvoloso;Normale;Buona;Ore Diurne;1;0;0;1;12,40763;41,98465;-1;2;Ciclomotore;In marcia / fermata / arresto;Conducente;F;Rimandato;0;NON DECEDUTO;Non accertato;
3561075;1;19/11/2017 23:50;Strada Urbana;VIALE CASTRO PRETORIO;all'intersezione con;VIA SAN MARTINO DELLA BATTAGLIA;VIA SAN MARTINO DELLA BATTAGLIA;;;Veicolo in marcia contro veicolo fermo;Incrocio;Due carreggiate;Asciutto;Asfaltata;Verticale ed orizzontale;Sereno;Scarso;Buona;Sufficiente;1;0;0;1;12,50556;41,90624;-1;1;Autovettura privata;In marcia / fermata / arresto;Conducente;F;Illeso;0;;Non accertato;Esploso
3561075;1;19/11/2017 23:50;Strada Urbana;VIALE CASTRO PRETORIO;all'intersezione con;VIA SAN MARTINO DELLA BATTAGLIA;VIA SAN MARTINO DELLA BATTAGLIA;;;Veicolo in marcia contro veicolo fermo;Incrocio;Due carreggiate;Asciutto;Asfaltata;Verticale ed orizzontale;Sereno;Scarso;Buona;Sufficiente;1;0;0;1;12,50556;41,90624;-1;2;Autovettura privata;In marcia / fermata / arresto;Conducente;M;Rimandato;0;NON DECEDUTO;Non accertato;Esploso
3561076;5;19/11/2017 22:10;Strada Urbana;NUOVA CIRCONVALLAZIONE INTERNA;da specificare;;;;dir. VIA SALARIA alt. VIA DI PORTONACCIO;Veicolo in marcia contro ostacolo fisso;Curva a visuale libera;Una carreggiata a senso unico di marcia;Asciutto;Asfaltata;Verticale ed orizzontale;Sereno;Normale;Buona;Sufficiente;2;0;0;0;12,53044;41,90112;-1;1;Autovettura privata;In marcia / fermata / arresto;Conducente;M;Rimandato;0;NON DECEDUTO;Non accertato;Inesistente
3561076;5;19/11/2017 22:10;Strada Urbana;NUOVA CIRCONVALLAZIONE INTERNA;da specificare;;;;dir. VIA SALARIA alt. VIA DI PORTONACCIO;Veicolo in marcia contro ostacolo fisso;Curva a visuale libera;Una carreggiata a senso unico di marcia;Asciutto;Asfaltata;Verticale ed orizzontale;Sereno;Normale;Buona;Sufficiente;2;0;0;0;12,53044;41,90112;-1;1;Autovettura privata;In marcia / fermata / arresto;Passeggero;F;Rimandato;0;NON DECEDUTO;Non accertato;Inesistente
3561079;4;17/11/2017 16:30;Strada Urbana;VIA DELLA BUFALOTTA;all'intersezione con;VIA RENATO CASTELLANI;VIA RENATO CASTELLANI;;;Tamponamento;Intersezione stradale segnalata;Una carreggiata a doppio senso;Asciutto;Asfaltata;Verticale ed orizzontale;Sereno;Normale;Sufficiente;Ore Diurne;1;0;0;0;12,54983;41,96743;-1;1;Motociclo a solo;In marcia / fermata / arresto;Conducente;M;Rifiuta cure immediate;0;NON DECEDUTO;;
3561089;19;18/11/2017 16:45;Strada Urbana;VIA ANTON MARIA VALSALVA;all'intersezione con;VIA AUGUSTO TEBALDI;VIA AUGUSTO TEBALDI;;;Scontro frontale/laterale SX fra veicoli in marcia;Incrocio;Una carreggiata a senso unico di marcia;Asciutto;Asfaltata;Verticale;Sereno;Scarso;Buona;Ore Diurne;0;0;0;3;12,41798;41,93098;-1;1;Autovettura privata;In marcia / fermata / arresto;Conducente;M;Illeso;0;;Non accertato;Inesploso
3561089;19;18/11/2017 16:45;Strada Urbana;VIA ANTON MARIA VALSALVA;all'intersezione con;VIA AUGUSTO TEBALDI;VIA AUGUSTO TEBALDI;;;Scontro frontale/laterale SX fra veicoli in marcia;Incrocio;Una carreggiata a senso unico di marcia;Asciutto;Asfaltata;Verticale;Sereno;Scarso;Buona;Ore Diurne;0;0;0;3;12,41798;41,93098;-1;2;Autovettura privata;In marcia / fermata / arresto;Conducente;F;Illeso;0;;Non accertato;Inesploso
3561089;19;18/11/2017 16:45;Strada Urbana;VIA ANTON MARIA VALSALVA;all'intersezione con;VIA AUGUSTO TEBALDI;VIA AUGUSTO TEBALDI;;;Scontro frontale/laterale SX fra veicoli in marcia;Incrocio;Una carreggiata a senso unico di marcia;Asciutto;Asfaltata;Verticale;Sereno;Scarso;Buona;Ore Diurne;0;0;0;3;12,41798;41,93098;-1;2;Autovettura privata;In marcia / fermata / arresto;Passeggero;M;Illeso;0;;Non accertato;Inesploso
3561091;4;17/11/2017 15:50;Strada Urbana;VIA MONTE CERVIALTO;da specificare;;;;100 mt dopo via C. Jacobini;Scontro laterale fra veicoli in marcia;Rettilineo;Una carreggiata a doppio senso;Asciutto;Asfaltata;Verticale ed orizzontale;Sereno;Normale;Buona;Ore Diurne;0;0;0;2;12,52322;41,95412;-1;1;Autovettura privata;In marcia / fermata / arresto;Conducente;M;Illeso;0;;Non accertato;Inesploso
3561091;4;17/11/2017 15:50;Strada Urbana;VIA MONTE CERVIALTO;da specificare;;;;100 mt dopo via C. Jacobini;Scontro laterale fra veicoli in marcia;Rettilineo;Una carreggiata a doppio senso;Asciutto;Asfaltata;Verticale ed orizzontale;Sereno;Normale;Buona;Ore Diurne;0;0;0;2;12,52322;41,95412;-1;2;Autocarro inferiore 35 q.;In marcia / fermata / arresto;Conducente;M;Illeso;0;;Non accertato;Inesploso
3561096;7;18/11/2017 00:10;Strada Urbana;VIA TIBURTINA;in corrispondenza;;del civico n.;1331;;Scontro laterale fra veicoli in marcia;Rettilineo;Una carreggiata a doppio senso;Asciutto;Asfaltata;Verticale ed orizzontale;Sereno;Scarso;Buona;Sufficiente;0;0;0;1;12,61604;41,93661;-1;1;Autovettura privata;In marcia / fermata / arresto;Conducente;M;Illeso;0;;;Inesploso
3561100;4;17/11/2017 13:40;Strada Urbana;VIA NOMENTANA NUOVA;all'intersezione con;VIA VAL D'OSSOLA;VIA VAL D'OSSOLA;;;Tamponamento;Intersezione stradale segnalata;Una carreggiata a doppio senso;Asciutto;Asfaltata;Verticale ed orizzontale;Sereno;Normale;Buona;Ore Diurne;0;0;0;3;12,53107;41,93423;-1;1;Autovettura privata;In marcia / fermata / arresto;Conducente;F;Illeso;0;;Non accertato;
3561100;4;17/11/2017 13:40;Strada Urbana;VIA NOMENTANA NUOVA;all'intersezione con;VIA VAL D'OSSOLA;VIA VAL D'OSSOLA;;;Tamponamento;Intersezione stradale segnalata;Una carreggiata a doppio senso;Asciutto;Asfaltata;Verticale ed orizzontale;Sereno;Normale;Buona;Ore Diurne;0;0;0;3;12,53107;41,93423;-1;2;Autovettura privata;In marcia / fermata / arresto;Conducente;M;Illeso;0;;Non accertato;
3561100;4;17/11/2017 13:40;Strada Urbana;VIA NOMENTANA NUOVA;all'intersezione con;VIA VAL D'OSSOLA;VIA VAL D'OSSOLA;;;Tamponamento;Intersezione stradale segnalata;Una carreggiata a doppio senso;Asciutto;Asfaltata;Verticale ed orizzontale;Sereno;Normale;Buona;Ore Diurne;0;0;0;3;12,53107;41,93423;-1;2;Autovettura privata;In marcia / fermata / arresto;Passeggero;F;Illeso;0;;;
3561101;4;17/11/2017 15:45;Strada Urbana;VIA MONTE RESEGONE;all'intersezione con;VIA CAPRAIA;VIA CAPRAIA;;;Scontro frontale/laterale SX fra veicoli in marcia;Incrocio;Una carreggiata a doppio senso;Asciutto;Asfaltata;Orizzontale;Sereno;Normale;Buona;Ore Diurne;0;0;0;4;12,53471;41,95232;-1;1;Autovettura privata;In marcia / fermata / arresto;Conducente;M;Illeso;0;;Non accertato;Inesploso