Protocollo;Gruppo;DataOraIncidente;Localizzazione1;STRADA1;Localizzazione2;STRADA2;Strada02;Chilometrica;DaSpecificare;NaturaIncidente;particolaritastrade;TipoStrada;FondoStradale;Pavimentazione;Segnaletica;CondizioneAtmosferica;Traffico;Visibilita;Illuminazione;NUM_FERITI;NUM_RISERVATA;NUM_MORTI;NUM_ILLESI;Longitudine;Latitudine;Confermato;Progressivo;TipoVeicolo;StatoVeicolo;TipoPersona;Sesso;Tipolesione;Deceduto;DecedutoDopo;CinturaCascoUtilizzato;Airbag
3561101;4;17/11/2017 15:45;Strada Urbana;VIA MONTE RESEGONE;all'intersezione con;VIA CAPRAIA;VIA CAPRAIA;;;Scontro frontale/laterale SX fra veicoli in marcia;Incrocio;Una carreggiata a doppio senso;Asciutto;Asfaltata;Orizzontale;Sereno;Normale;Buona;Ore Diurne;0;0;0;4;12,53471;41,95232;-1;1;Autovettura privata;In marcia / fermata / arresto;Passeggero;M;Illeso;0;;Non accertato;Inesploso
3561101;4;17/11/2017 15:45;Strada Urbana;VIA MONTE RESEGONE;all'intersezione con;VIA CAPRAIA;VIA CAPRAIA;;;Scontro frontale/laterale SX fra veicoli in marcia;Incrocio;Una carreggiata a doppio senso;Asciutto;Asfaltata;Orizzontale;Sereno;Normale;Buona;Ore Diurne;0;0;0;4;12,53471;41,95232;-1;1;Autovettura privata;In marcia / fermata / arresto;Passeggero;M;Illeso;0;;Non accertato;Inesploso
3561101;4;17/11/2017 15:45;Strada Urbana;VIA MONTE RESEGONE;all'intersezione con;VIA CAPRAIA;VIA CAPRAIA;;;Scontro frontale/laterale SX fra veicoli in marcia;Incrocio;Una carreggiata a doppio senso;Asciutto;Asfaltata;Orizzontale;Sereno;Normale;Buona;Ore Diurne;0;0;0;4;12,53471;41,95232;-1;2;Motociclo a solo;In marcia / fermata / arresto;Conducente;M;Illeso;0;;Non accertato;
3561113;19;18/11/2017 20:40;Strada Urbana;VIA DELLA BALDUINA;all'intersezione con;VIA ATTILIO FRIGGERI;VIA ATTILIO FRIGGERI;;;Scontro laterale fra veicoli in marcia;Incrocio;Una carreggiata a doppio senso;Asciutto;Asfaltata;Orizzontale;Sereno;Scarso;Sufficiente;Sufficiente;0;0;0;2;12,44035;41,92067;-1;1;Autovettura privata;In marcia / fermata / arresto;Conducente;M;Illeso;0;;Non accertato;
3561113;19;18/11/2017 20:40;Strada Urbana;VIA DELLA BALDUINA;all'intersezione con;VIA ATTILIO FRIGGERI;VIA ATTILIO FRIGGERI;;;Scontro laterale fra veicoli in marcia;Incrocio;Una carreggiata a doppio senso;Asciutto;Asfaltata;Orizzontale;Sereno;Scarso;Sufficiente;Sufficiente;0;0;0;2;12,44035;41,92067;-1;2;Motociclo a solo;In marcia / fermata / arresto;Conducente;M;Illeso;0;;Non accertato;
3561115;6;18/11/2017 11:30;Strada Urbana;VIALE DELLA SERENISSIMA;all'intersezione semaforizzata con;VIALE DELLA VENEZIA GIULIA;VIALE DELLA VENEZIA GIULIA;;;Scontro laterale fra veicoli in marcia;Intersezione semaforizzata;Due carreggiate;Asciutto;Asfaltata;Verticale ed orizzontale;Sereno;Intenso;Buona;Ore Diurne;0;0;0;2;12,55866;41,89668;-1;1;Autovettura privata;In marcia / fermata / arresto;Conducente;M;Illeso;0;;;
3561115;6;18/11/2017 11:30;Strada Urbana;VIALE DELLA SERENISSIMA;all'intersezione semaforizzata con;VIALE DELLA VENEZIA GIULIA;VIALE DELLA VENEZIA GIULIA;;;Scontro laterale fra veicoli in marcia;Intersezione semaforizzata;Due carreggiate;Asciutto;Asfaltata;Verticale ed orizzontale;Sereno;Intenso;Buona;Ore Diurne;0;0;0;2;12,55866;41,89668;-1;2;Autovettura privata;In marcia / fermata / arresto;Conducente;M;Illeso;0;;;
3561116;20;18/11/2017 15:55;Strada Urbana;VIALE DELLE GALLINE BIANCHE;da specificare;;;;Pross.tà Palo Acea nr. 26;Veicolo in marcia contro veicolo arresto;Rettilineo;Due carreggiate;Asciutto;Asfaltata;Verticale ed orizzontale;Sereno;Normale;Buona;Ore Diurne;1;0;0;1;12,49019;41,99717;-1;1;Autovettura privata;In marcia / fermata / arresto;Conducente;M;Rifiuta cure immediate;0;NON DECEDUTO;;
3561116;20;18/11/2017 15:55;Strada Urbana;VIALE DELLE GALLINE BIANCHE;da specificare;;;;Pross.tà Palo Acea nr. 26;Veicolo in marcia contro veicolo arresto;Rettilineo;Due carreggiate;Asciutto;Asfaltata;Verticale ed orizzontale;Sereno;Normale;Buona;Ore Diurne;1;0;0;1;12,49019;41,99717;-1;2;Autocarro inferiore 35 q.;In marcia / fermata / arresto;Conducente;M;Illeso;0;;Non accertato;
3561118;12;15/11/2017 19:00;Statale entro l'abitato;VIA OSTIENSE;da specificare;;;;DIREZIONE OSTIA PROSS. VIA MONTE DEL FINOCCHIO;Tamponamento Multiplo;Rettilineo;Una carreggiata a doppio senso;Bagnato (umidità in atto);Asfaltata;Verticale ed orizzontale;Nuvoloso;Intenso;Sufficiente;Inesistente;1;0;0;2;12,45397;41,83301;-1;1;Autovettura privata;In marcia / fermata / arresto;Conducente;M;Illeso;0;;Non accertato;Inesploso
3561118;12;15/11/2017 19:00;Statale entro l'abitato;VIA OSTIENSE;da specificare;;;;DIREZIONE OSTIA PROSS. VIA MONTE DEL FINOCCHIO;Tamponamento Multiplo;Rettilineo;Una carreggiata a doppio senso;Bagnato (umidità in atto);Asfaltata;Verticale ed orizzontale;Nuvoloso;Intenso;Sufficiente;Inesistente;1;0;0;2;12,45397;41,83301;-1;2;Autovettura privata;In marcia / fermata / arresto;Conducente;F;Rimandato;0;NON DECEDUTO;Non accertato;Inesploso
3561118;12;15/11/2017 19:00;Statale entro l'abitato;VIA OSTIENSE;da specificare;;;;DIREZIONE OSTIA PROSS. VIA MONTE DEL FINOCCHIO;Tamponamento Multiplo;Rettilineo;Una carreggiata a doppio senso;Bagnato (umidità in atto);Asfaltata;Verticale ed orizzontale;Nuvoloso;Intenso;Sufficiente;Inesistente;1;0;0;2;12,45397;41,83301;-1;3;Autovettura privata;In marcia / fermata / arresto;Conducente;M;Illeso;0;;Non accertato;Inesploso
3561120;12;19/11/2017 07:50;Strada Urbana;VIA DI PRATICA;in corrispondenza;;del civico n.;223;;Veicolo in marcia contro ostacolo fisso;Rettilineo;Una carreggiata a doppio senso;Asciutto;Asfaltata;Verticale ed orizzontale;Sereno;Scarso;Buona;Ore Diurne;1;0;0;0;12,433;41,70066;-1;1;Autovettura privata;In marcia / fermata / arresto;Conducente;M;Rimandato;0;NON DECEDUTO;Non accertato;Esploso
3561122;20;19/11/2017 22:15;Strada Urbana;PONTE FLAMINIO;da specificare;;;;direzione GRA rampa prov. L.re Acqua Acetosa;Tamponamento;Rettilineo;Una carreggiata a senso unico di marcia;Asciutto;Asfaltata;Verticale ed orizzontale;Sereno;Intenso;Buona;Sufficiente;0;0;0;2;12,47171;41,93624;-1;1;Autovettura privata;In marcia / fermata / arresto;Conducente;M;Illeso;0;;Non accertato;Inesploso
3561122;20;19/11/2017 22:15;Strada Urbana;PONTE FLAMINIO;da specificare;;;;direzione GRA rampa prov. L.re Acqua Acetosa;Tamponamento;Rettilineo;Una carreggiata a senso unico di marcia;Asciutto;Asfaltata;Verticale ed orizzontale;Sereno;Intenso;Buona;Sufficiente;0;0;0;2;12,47171;41,93624;-1;2;Autovettura privata;In marcia / fermata / arresto;Conducente;F;Illeso;0;;;
3561124;13;19/11/2017 06:20;Strada Urbana;VIA DI PRATO CORNELIO;all'intersezione con;VIA CESARE MACCARI;VIA CESARE MACCARI;;;Scontro frontale/laterale DX fra veicoli in marcia;Incrocio;Una carreggiata a doppio senso;Asciutto;Asfaltata;Verticale;Sereno;Scarso;Buona;Ore Diurne;1;0;0;1;12,36244;41,77376;-1;1;Autovettura privata;In marcia / fermata / arresto;Conducente;F;Illeso;0;;Non accertato;Inesploso
3561124;13;19/11/2017 06:20;Strada Urbana;VIA DI PRATO CORNELIO;all'intersezione con;VIA CESARE MACCARI;VIA CESARE MACCARI;;;Scontro frontale/laterale DX fra veicoli in marcia;Incrocio;Una carreggiata a doppio senso;Asciutto;Asfaltata;Verticale;Sereno;Scarso;Buona;Ore Diurne;1;0;0;1;12,36244;41,77376;-1;2;Autovettura privata;In marcia / fermata / arresto;Conducente;F;Rimandato;0;NON DECEDUTO;Non accertato;Esploso
3561127;4;17/11/2017 20:59;Strada Urbana;VIA FILIPPO ANTONIO GUALTERIO;da specificare;;;;fronte civico 5;Scontro frontale/laterale SX fra veicoli in marcia;Curva a visuale libera;Una carreggiata a doppio senso;Asciutto;Asfaltata;Verticale ed orizzontale;Sereno;Scarso;Buona;Sufficiente;1;0;0;2;12,51966;41,95253;-1;1;Autovettura privata;In marcia / fermata / arresto;Conducente;M;Rifiuta cure immediate;0;NON DECEDUTO;;
3561127;4;17/11/2017 20:59;Strada Urbana;VIA FILIPPO ANTONIO GUALTERIO;da specificare;;;;fronte civico 5;Scontro frontale/laterale SX fra veicoli in marcia;Curva a visuale libera;Una carreggiata a doppio senso;Asciutto;Asfaltata;Verticale ed orizzontale;Sereno;Scarso;Buona;Sufficiente;1;0;0;2;12,51966;41,95253;-1;1;Autovettura privata;In marcia / fermata / arresto;Passeggero;F;Illeso;0;;;
3561127;4;17/11/2017 20:59;Strada Urbana;VIA FILIPPO ANTONIO GUALTERIO;da specificare;;;;fronte civico 5;Scontro frontale/laterale SX fra veicoli in marcia;Curva a visuale libera;Una carreggiata a doppio senso;Asciutto;Asfaltata;Verticale ed orizzontale;Sereno;Scarso;Buona;Sufficiente;1;0;0;2;12,51966;41,95253;-1;2;Motociclo a solo;Allontanatosi;Conducente;M;Illeso;0;;Non accertato;
3561129;18;17/11/2017 17:40;Strada Urbana;VIA DI BOCCEA;da specificare;;;;DIR.CASALOTTI PROSSIMITA' 561 (PRIMA ROTATORIA);Tamponamento;Rettilineo;Due carreggiate;Asciutto;Asfaltata;Verticale ed orizzontale;Sereno;Intenso;Buona;Sufficiente;0;0;0;3;12,38;41,91552;-1;1;Autovettura privata;In marcia / fermata / arresto;Conducente;F;Illeso;0;;;
3561129;18;17/11/2017 17:40;Strada Urbana;VIA DI BOCCEA;da specificare;;;;DIR.CASALOTTI PROSSIMITA' 561 (PRIMA ROTATORIA);Tamponamento;Rettilineo;Due carreggiate;Asciutto;Asfaltata;Verticale ed orizzontale;Sereno;Intenso;Buona;Sufficiente;0;0;0;3;12,38;41,91552;-1;2;Autovettura privata;In marcia / fermata / arresto;Conducente;M;Illeso;0;;;
3561129;18;17/11/2017 17:40;Strada Urbana;VIA DI BOCCEA;da specificare;;;;DIR.CASALOTTI PROSSIMITA' 561 (PRIMA ROTATORIA);Tamponamento;Rettilineo;Due carreggiate;Asciutto;Asfaltata;Verticale ed orizzontale;Sereno;Intenso;Buona;Sufficiente;0;0;0;3;12,38;41,91552;-1;2;Autovettura privata;In marcia / fermata / arresto;Passeggero;F;Illeso;0;;Non accertato;Inesploso
3561140;18;17/11/2017 21:30;Strada Urbana;PIAZZA DEI TRIBUNALI;all'intersezione con;LUNGOTEVERE PRATI;LUNGOTEVERE PRATI;;;Scontro laterale fra veicoli in marcia;Intersezione stradale segnalata;Una carreggiata a senso unico di marcia;Asciutto;Asfaltata;Verticale ed orizzontale;Sereno;Normale;Buona;Sufficiente;0;0;0;3;12,47087;41,90316;-1;1;Autovettura privata;In marcia / fermata / arresto;Conducente;F;Illeso;0;;Non accertato;Inesploso
3561140;18;17/11/2017 21:30;Strada Urbana;PIAZZA DEI TRIBUNALI;all'intersezione con;LUNGOTEVERE PRATI;LUNGOTEVERE PRATI;;;Scontro laterale fra veicoli in marcia;Intersezione stradale segnalata;Una carreggiata a senso unico di marcia;Asciutto;Asfaltata;Verticale ed orizzontale;Sereno;Normale;Buona;Sufficiente;0;0;0;3;12,47087;41,90316;-1;2;Autovettura privata;In marcia / fermata / arresto;Conducente;M;Illeso;0;;Non accertato;Inesploso
3561140;18;17/11/2017 21:30;Strada Urbana;PIAZZA DEI TRIBUNALI;all'intersezione con;LUNGOTEVERE PRATI;LUNGOTEVERE PRATI;;;Scontro laterale fra veicoli in marcia;Intersezione stradale segnalata;Una carreggiata a senso unico di marcia;Asciutto;Asfaltata;Verticale ed orizzontale;Sereno;Normale;Buona;Sufficiente;0;0;0;3;12,47087;41,90316;-1;2;Autovettura privata;In marcia / fermata / arresto;Passeggero;F;Illeso;0;;Non accertato;Inesploso
3561143;4;17/11/2017 15:55;Strada Urbana;PIAZZA OTTAVIANO VIMERCATI;in corrispondenza;;del civico n.;45;;Tamponamento;Rettilineo;Una carreggiata a doppio senso;Asciutto;Asfaltata;Verticale ed orizzontale;Sereno;Normale;Buona;Ore Diurne;1;0;0;1;12,52491;41,9585;-1;1;Autovettura privata;In marcia / fermata / arresto;Conducente;F;Rifiuta cure immediate;0;NON DECEDUTO;;
3561143;4;17/11/2017 15:55;Strada Urbana;PIAZZA OTTAVIANO VIMERCATI;in corrispondenza;;del civico n.;45;;Tamponamento;Rettilineo;Una carreggiata a doppio senso;Asciutto;Asfaltata;Verticale ed orizzontale;Sereno;Normale;Buona;Ore Diurne;1;0;0;1;12,52491;41,9585;-1;2;Autovettura privata;In marcia / fermata / arresto;Conducente;M;Illeso;0;;;
3561147;4;17/11/2017 10:15;Strada Urbana;VIA MONTE MASSICO;in corrispondenza;;del civico n.;104;;Scontro laterale fra veicoli in marcia;Rettilineo;Due carreggiate;Asciutto;Asfaltata;Assente;Sereno;Normale;Buona;Ore Diurne;0;0;0;3;12,52699;41,951;-1;1;Autovettura privata;In marcia / fermata / arresto;Conducente;F;Illeso;0;;Non accertato;Inesistente
3561147;4;17/11/2017 10:15;Strada Urbana;VIA MONTE MASSICO;in corrispondenza;;del civico n.;104;;Scontro laterale fra veicoli in marcia;Rettilineo;Due carreggiate;Asciutto;Asfaltata;Assente;Sereno;Normale;Buona;Ore Diurne;0;0;0;3;12,52699;41,951;-1;1;Autovettura privata;In marcia / fermata / arresto;Passeggero;M;Illeso;0;;Non accertato;Inesistente
3561147;4;17/11/2017 10:15;Strada Urbana;VIA MONTE MASSICO;in corrispondenza;;del civico n.;104;;Scontro laterale fra veicoli in marcia;Rettilineo;Due carreggiate;Asciutto;Asfaltata;Assente;Sereno;Normale;Buona;Ore Diurne;0;0;0;3;12,52699;41,951;-1;2;Autovettura privata;In marcia / fermata / arresto;Conducente;M;Illeso;0;;Non accertato;Inesploso
3561151;20;17/11/2017 21:20;Strada Urbana;VIA CASSIA;in prossimità;;del civico n.;928;;Tamponamento;Rettilineo;Una carreggiata a doppio senso;Asciutto;Asfaltata;Orizzontale;Sereno;Normale;Sufficiente;Sufficiente;1;0;0;3;12,43467;41,97126;-1;1;Autovettura privata;In marcia / fermata / arresto;Conducente;M;Illeso;0;;;
3561151;20;17/11/2017 21:20;Strada Urbana;VIA CASSIA;in prossimità;;del civico n.;928;;Tamponamento;Rettilineo;Una carreggiata a doppio senso;Asciutto;Asfaltata;Orizzontale;Sereno;Normale;Sufficiente;Sufficiente;1;0;0;3;12,43467;41,97126;-1;1;Autovettura privata;In marcia / fermata / arresto;Passeggero;M;Rimandato;0;NON DECEDUTO;;
3561151;20;17/11/2017 21:20;Strada Urbana;VIA CASSIA;in prossimità;;del civico n.;928;;Tamponamento;Rettilineo;Una carreggiata a doppio senso;Asciutto;Asfaltata;Orizzontale;Sereno;Normale;Sufficiente;Sufficiente;1;0;0;3;12,43467;41,97126;-1;2;Autovettura privata;In marcia / fermata / arresto;Conducente;M;Illeso;0;;;
3561151;20;17/11/2017 21:20;Strada Urbana;VIA CASSIA;in prossimità;;del civico n.;928;;Tamponamento;Rettilineo;Una carreggiata a doppio senso;Asciutto;Asfaltata;Orizzontale;Sereno;Normale;Sufficiente;Sufficiente;1;0;0;3;12,43467;41,97126;-1;2;Autovettura privata;In marcia / fermata / arresto;Passeggero;M;Illeso;0;;;
3561159;4;17/11/2017 01:10;Strada Urbana;VIA CONCA D'ORO;all'intersezione con;VIA ISOLE EOLIE;VIA ISOLE EOLIE;;;Scontro frontale/laterale DX fra veicoli in marcia;Incrocio;Due carreggiate;Asciutto;Asfaltata;Verticale ed orizzontale;Sereno;Scarso;Buona;Sufficiente;0;0;0;3;12,52436;41,94052;-1;1;Autovettura privata;In marcia / fermata / arresto;Conducente;M;Illeso;0;;;
3561159;4;17/11/2017 01:10;Strada Urbana;VIA CONCA D'ORO;all'intersezione con;VIA ISOLE EOLIE;VIA ISOLE EOLIE;;;Scontro frontale/laterale DX fra veicoli in marcia;Incrocio;Due carreggiate;Asciutto;Asfaltata;Verticale ed orizzontale;Sereno;Scarso;Buona;Sufficiente;0;0;0;3;12,52436;41,94052;-1;1;Autovettura privata;In marcia / fermata / arresto;Passeggero;M;Illeso;0;;;
3561159;4;17/11/2017 01:10;Strada Urbana;VIA CONCA D'ORO;all'intersezione con;VIA ISOLE EOLIE;VIA ISOLE EOLIE;;;Scontro frontale/laterale DX fra veicoli in marcia;Incrocio;Due carreggiate;Asciutto;Asfaltata;Verticale ed orizzontale;Sereno;Scarso;Buona;Sufficiente;0;0;0;3;12,52436;41,94052;-1;2;Autovettura privata;In marcia / fermata / arresto;Conducente;M;Illeso;0;;;
3561172;10;19/11/2017 01:10;Strada Urbana;VIA AOSTA;all'intersezione con;VIA TUSCOLANA;VIA TUSCOLANA;;;Scontro frontale/laterale DX fra veicoli in marcia;Incrocio;Una carreggiata a doppio senso;Asciutto;Asfaltata;Verticale ed orizzontale;Sereno;Scarso;Insufficiente;Sufficiente;0;0;0;2;12,51446;41,88291;-1;1;Autovettura privata;In marcia / fermata / arresto;Conducente;M;Illeso;0;;Non accertato;Inesploso
3561172;10;19/11/2017 01:10;Strada Urbana;VIA AOSTA;all'intersezione con;VIA TUSCOLANA;VIA TUSCOLANA;;;Scontro frontale/laterale DX fra veicoli in marcia;Incrocio;Una carreggiata a doppio senso;Asciutto;Asfaltata;Verticale ed orizzontale;Sereno;Scarso;Insufficiente;Sufficiente;0;0;0;2;12,51446;41,88291;-1;2;Autovettura privata;In marcia / fermata / arresto;Conducente;M;Illeso;0;;Non accertato;Inesploso
3561177;18;18/11/2017 08:00;Statale entro l'abitato;VIA AURELIA;in prossimità;;della chilometrica;8.5;;Veicolo in marcia contro ostacolo fisso;Rettilineo;Due carreggiate;Asciutto;Asfaltata;Verticale ed orizzontale;Sereno;Normale;Buona;Ore Diurne;1;0;0;0;12,49637;41,90278;-1;1;Motociclo a solo;In marcia / fermata / arresto;Conducente;M;Rimandato;0;NON DECEDUTO;Non accertato;
3561178;20;19/11/2017 16:30;Strada Urbana;VIA GHISALBA;da specificare;;;;Pross. Via Salk dir. Via Montichiari;Veicolo in marcia contro ostacolo accidentale;Rettilineo;Una carreggiata a doppio senso;Asciutto;Asfaltata;Verticale ed orizzontale;Sereno;Scarso;Buona;Ore Diurne;0;0;0;1;12,47835;41,99174;-1;1;Autovettura privata;In marcia / fermata / arresto;Conducente;M;Illeso;0;;;
3561182;7;17/11/2017 17:30;Strada Urbana;VIA DELLA RUSTICA;all'intersezione con;VIA NAIDE;VIA NAIDE;;;Scontro frontale/laterale SX fra veicoli in marcia;Incrocio;Una carreggiata a doppio senso;Asciutto;Asfaltata;Verticale;Sereno;Scarso;Sufficiente;Sufficiente;1;0;0;2;12,6009;41,91095;-1;1;Autovettura privata;In marcia / fermata / arresto;Conducente;F;Illeso;0;;Non accertato;Inesploso
3561182;7;17/11/2017 17:30;Strada Urbana;VIA DELLA RUSTICA;all'intersezione con;VIA NAIDE;VIA NAIDE;;;Scontro frontale/laterale SX fra veicoli in marcia;Incrocio;Una carreggiata a doppio senso;Asciutto;Asfaltata;Verticale;Sereno;Scarso;Sufficiente;Sufficiente;1;0;0;2;12,6009;41,91095;-1;1;Autovettura privata;In marcia / fermata / arresto;Passeggero;M;Illeso;0;;Non accertato;Inesploso
3561182;7;17/11/2017 17:30;Strada Urbana;VIA DELLA RUSTICA;all'intersezione con;VIA NAIDE;VIA NAIDE;;;Scontro frontale/laterale SX fra veicoli in marcia;Incrocio;Una carreggiata a doppio senso;Asciutto;Asfaltata;Verticale;Sereno;Scarso;Sufficiente;Sufficiente;1;0;0;2;12,6009;41,91095;-1;2;Velocipede;In marcia / fermata / arresto;Conducente;M;Rimandato;0;NON DECEDUTO;Esente;
3561187;1;15/11/2017 18:35;Strada Urbana;VIALE CARLO FELICE;da specificare;;;;prossimità VIA SESSORIANA;Scontro laterale fra veicoli in marcia;Rettilineo;Una carreggiata a doppio senso;Bagnato (pioggia);Asfaltata;Verticale ed orizzontale;Nuvoloso;Normale;Buona;Sufficiente;0;0;0;2;12,51404;41,88794;-1;1;Vettura tranviaria;In marcia / fermata / arresto;Conducente;M;Illeso;0;;Esente;
3561187;1;15/11/2017 18:35;Strada Urbana;VIALE CARLO FELICE;da specificare;;;;prossimità VIA SESSORIANA;Scontro laterale fra veicoli in marcia;Rettilineo;Una carreggiata a doppio senso;Bagnato (pioggia);Asfaltata;Verticale ed orizzontale;Nuvoloso;Normale;Buona;Sufficiente;0;0;0;2;12,51404;41,88794;-1;2;Autobus turistico;In marcia / fermata / arresto;Conducente;M;Illeso;0;;Non accertato;
3561191;18;18/11/2017 23:30;Strada Urbana;VIA AURELIA;in corrispondenza;;del civico n.;218;;Tamponamento;Pendenza;Una carreggiata a doppio senso;Asciutto;Asfaltata;Verticale ed orizzontale;Sereno;Normale;Sufficiente;Sufficiente;1;0;0;2;12,44421;41,90001;-1;1;Motociclo con passeggero;In marcia / fermata / arresto;Conducente;M;Rimandato;0;NON DECEDUTO;Non accertato;
3561191;18;18/11/2017 23:30;Strada Urbana;VIA AURELIA;in corrispondenza;;del civico n.;218;;Tamponamento;Pendenza;Una carreggiata a doppio senso;Asciutto;Asfaltata;Verticale ed orizzontale;Sereno;Normale;Sufficiente;Sufficiente;1;0;0;2;12,44421;41,90001;-1;2;Autovettura privata;In marcia / fermata / arresto;Conducente;M;Illeso;0;;;
3561191;18;18/11/2017 23:30;Strada Urbana;VIA AURELIA;in corrispondenza;;del civico n.;218;;Tamponamento;Pendenza;Una carreggiata a doppio senso;Asciutto;Asfaltata;Verticale ed orizzontale;Sereno;Normale;Sufficiente;Sufficiente;1;0;0;2;12,44421;41,90001;-1;2;Autovettura privata;In marcia / fermata / arresto;Passeggero;F;Illeso;0;;;
3561200;10;20/11/2017 07:55;Strada Urbana;VIA TUSCOLANA;da specificare;;;;dir. Roma incrocio con laterale pros. civ. 1041;Scontro laterale fra veicoli in marcia;Rettilineo;Due carreggiate;Asciutto;Asfaltata;Verticale ed orizzontale;Sereno;Intenso;Buona;Ore Diurne;0;0;0;2;12,57292;41,85042;-1;1;Autocarro superiore 35 q.;In marcia / fermata / arresto;Conducente;M;Illeso;0;;Non accertato;Inesistente
3561200;10;20/11/2017 07:55;Strada Urbana;VIA TUSCOLANA;da specificare;;;;dir. Roma incrocio con laterale pros. civ. 1041;Scontro laterale fra veicoli in marcia;Rettilineo;Due carreggiate;Asciutto;Asfaltata;Verticale ed orizzontale;Sereno;Intenso;Buona;Ore Diurne;0;0;0;2;12,57292;41,85042;-1;2;Autovettura privata;In marcia / fermata / arresto;Conducente;M;Illeso;0;;Non accertato;Inesploso
3561201;18;18/11/2017 11:30;Strada Urbana;VIA DI CASALOTTI;in corrispondenza;;del civico n.;13;;Tamponamento;Rettilineo;Una carreggiata a doppio senso;Asciutto;Asfaltata;Verticale ed orizzontale;Sereno;Normale;Buona;Ore Diurne;0;0;0;4;12,36919;41,91578;-1;1;Autovettura privata;In marcia / fermata / arresto;Conducente;F;Illeso;0;;Non accertato;Inesistente
3561201;18;18/11/2017 11:30;Strada Urbana;VIA DI CASALOTTI;in corrispondenza;;del civico n.;13;;Tamponamento;Rettilineo;Una carreggiata a doppio senso;Asciutto;Asfaltata;Verticale ed orizzontale;Sereno;Normale;Buona;Ore Diurne;0;0;0;4;12,36919;41,91578;-1;2;Autovettura privata;In marcia / fermata / arresto;Conducente;F;Illeso;0;;Non accertato;Inesploso
3561201;18;18/11/2017 11:30;Strada Urbana;VIA DI CASALOTTI;in corrispondenza;;del civico n.;13;;Tamponamento;Rettilineo;Una carreggiata a doppio senso;Asciutto;Asfaltata;Verticale ed orizzontale;Sereno;Normale;Buona;Ore Diurne;0;0;0;4;12,36919;41,91578;-1;2;Autovettura privata;In marcia / fermata / arresto;Passeggero;F;Illeso;0;;Non accertato;Inesploso
3561201;18;18/11/2017 11:30;Strada Urbana;VIA DI CASALOTTI;in corrispondenza;;del civico n.;13;;Tamponamento;Rettilineo;Una carreggiata a doppio senso;Asciutto;Asfaltata;Verticale ed orizzontale;Sereno;Normale;Buona;Ore Diurne;0;0;0;4;12,36919;41,91578;-1;2;Autovettura privata;In marcia / fermata / arresto;Passeggero;F;Illeso;0;;Utilizzato;Inesploso
3561208;18;18/11/2017 18:00;Statale entro l'abitato;VIA AURELIA;in corrispondenza;;del civico n.;382;;Investimento di pedone;Rettilineo;Una carreggiata a doppio senso;Asciutto;Asfaltata;Verticale ed orizzontale;Sereno;Intenso;Buona;Sufficiente;1;0;0;1;12,43137;41,8977;-1;;;;Pedone;F;Rimandato;0;NON DECEDUTO;;
3561208;18;18/11/2017 18:00;Statale entro l'abitato;VIA AURELIA;in corrispondenza;;del civico n.;382;;Investimento di pedone;Rettilineo;Una carreggiata a doppio senso;Asciutto;Asfaltata;Verticale ed orizzontale;Sereno;Intenso;Buona;Sufficiente;1;0;0;1;12,43137;41,8977;-1;1;Motociclo a solo;In marcia / fermata / arresto;Conducente;M;Illeso;0;;Non accertato;
3561223;18;18/11/2017 15:25;Strada Urbana;VIA BALDO DEGLI UBALDI;in corrispondenza;;del civico n.;5;;Tamponamento;Rettilineo;Due carreggiate;Asciutto;Asfaltata;Verticale ed orizzontale;Sereno;Normale;Sufficiente;Ore Diurne;0;0;0;6;12,43036;41,89853;-1;1;Autovettura privata;In marcia / fermata / arresto;Conducente;M;Illeso;0;;;
3561223;18;18/11/2017 15:25;Strada Urbana;VIA BALDO DEGLI UBALDI;in corrispondenza;;del civico n.;5;;Tamponamento;Rettilineo;Due carreggiate;Asciutto;Asfaltata;Verticale ed orizzontale;Sereno;Normale;Sufficiente;Ore Diurne;0;0;0;6;12,43036;41,89853;-1;1;Autovettura privata;In marcia / fermata / arresto;Passeggero;M;Illeso;0;;;
3561223;18;18/11/2017 15:25;Strada Urbana;VIA BALDO DEGLI UBALDI;in corrispondenza;;del civico n.;5;;Tamponamento;Rettilineo;Due carreggiate;Asciutto;Asfaltata;Verticale ed orizzontale;Sereno;Normale;Sufficiente;Ore Diurne;0;0;0;6;12,43036;41,89853;-1;1;Autovettura privata;In marcia / fermata / arresto;Passeggero;F;Illeso;0;;;
3561223;18;18/11/2017 15:25;Strada Urbana;VIA BALDO DEGLI UBALDI;in corrispondenza;;del civico n.;5;;Tamponamento;Rettilineo;Due carreggiate;Asciutto;Asfaltata;Verticale ed orizzontale;Sereno;Normale;Sufficiente;Ore Diurne;0;0;0;6;12,43036;41,89853;-1;1;Autovettura privata;In marcia / fermata / arresto;Passeggero;F;Illeso;0;;;
3561223;18;18/11/2017 15:25;Strada Urbana;VIA BALDO DEGLI UBALDI;in corrispondenza;;del civico n.;5;;Tamponamento;Rettilineo;Due carreggiate;Asciutto;Asfaltata;Verticale ed orizzontale;Sereno;Normale;Sufficiente;Ore Diurne;0;0;0;6;12,43036;41,89853;-1;2;Autovettura privata;In marcia / fermata / arresto;Conducente;F;Illeso;0;;;
3561223;18;18/11/2017 15:25;Strada Urbana;VIA BALDO DEGLI UBALDI;in corrispondenza;;del civico n.;5;;Tamponamento;Rettilineo;Due carreggiate;Asciutto;Asfaltata;Verticale ed orizzontale;Sereno;Normale;Sufficiente;Ore Diurne;0;0;0;6;12,43036;41,89853;-1;2;Autovettura privata;In marcia / fermata / arresto;Passeggero;F;Illeso;0;;;