Protocollo;Gruppo;DataOraIncidente;Localizzazione1;STRADA1;Localizzazione2;STRADA2;Strada02;Chilometrica;DaSpecificare;NaturaIncidente;particolaritastrade;TipoStrada;FondoStradale;Pavimentazione;Segnaletica;CondizioneAtmosferica;Traffico;Visibilita;Illuminazione;NUM_FERITI;NUM_RISERVATA;NUM_MORTI;NUM_ILLESI;Longitudine;Latitudine;Confermato;Progressivo;TipoVeicolo;StatoVeicolo;TipoPersona;Sesso;Tipolesione;Deceduto;DecedutoDopo;CinturaCascoUtilizzato;Airbag
3561520;6;19/11/2017 10:30;Strada Urbana;VIA SAN GIUSTO;da specificare;;;;prossimità civico 5;Scontro frontale/laterale DX fra veicoli in marcia;Rettilineo;Una carreggiata a senso unico di marcia;Asciutto;Asfaltata;Verticale ed orizzontale;Sereno;Scarso;Buona;Ore Diurne;1;0;0;5;12,56121;41,89754;-1;1;Autovettura privata;In marcia / fermata / arresto;Passeggero;M;Illeso;0;;;
3561520;6;19/11/2017 10:30;Strada Urbana;VIA SAN GIUSTO;da specificare;;;;prossimità civico 5;Scontro frontale/laterale DX fra veicoli in marcia;Rettilineo;Una carreggiata a senso unico di marcia;Asciutto;Asfaltata;Verticale ed orizzontale;Sereno;Scarso;Buona;Ore Diurne;1;0;0;5;12,56121;41,89754;-1;2;Autovettura pubblica;In marcia / fermata / arresto;Conducente;M;Illeso;0;;;
3561523;7;20/11/2017 05:55;Strada Urbana;VIA TOR DE' SCHIAVI;all'intersezione con;VIA DEI FAGGI;VIA DEI FAGGI;;;Scontro frontale/laterale DX fra veicoli in marcia;Incrocio;Una carreggiata a doppio senso;Asciutto;Asfaltata;Verticale ed orizzontale;Nuvoloso;Normale;Sufficiente;Sufficiente;0;0;0;1;12,56278;41,88494;-1;1;Autovettura privata;In marcia / fermata / arresto;Conducente;M;Illeso;0;;Non accertato;Inesploso
3561527;3;17/11/2017 19:20;Strada Urbana;VIALE DEL POLICLINICO;da specificare;;;;civ 151;Scontro frontale/laterale DX fra veicoli in marcia;Rettilineo;Una carreggiata a doppio senso;Asciutto;Asfaltata;Verticale;Sereno;Scarso;Sufficiente;Sufficiente;1;0;0;1;12,50878;41,90849;-1;1;Autovettura privata;In marcia / fermata / arresto;Conducente;M;Illeso;0;;Non accertato;Inesploso
3561527;3;17/11/2017 19:20;Strada Urbana;VIALE DEL POLICLINICO;da specificare;;;;civ 151;Scontro frontale/laterale DX fra veicoli in marcia;Rettilineo;Una carreggiata a doppio senso;Asciutto;Asfaltata;Verticale;Sereno;Scarso;Sufficiente;Sufficiente;1;0;0;1;12,50878;41,90849;-1;2;Motociclo a solo;In marcia / fermata / arresto;Conducente;M;Ricoverato;0;NON DECEDUTO;Non accertato;
3561537;12;20/11/2017 08:15;Strada Urbana;VIA ALVARO DEL PORTILLO;in prossimità;;del palo luce n.;70;;Veicolo in marcia contro ostacolo accidentale;Rettilineo;Una carreggiata a doppio senso;Asciutto;Asfaltata;Verticale ed orizzontale;Sereno;Normale;Buona;Ore Diurne;0;0;0;2;12,46968;41,77609;-1;1;Autovettura privata;In marcia / fermata / arresto;Conducente;F;Illeso;0;;Non accertato;Inesploso
3561537;12;20/11/2017 08:15;Strada Urbana;VIA ALVARO DEL PORTILLO;in prossimità;;del palo luce n.;70;;Veicolo in marcia contro ostacolo accidentale;Rettilineo;Una carreggiata a doppio senso;Asciutto;Asfaltata;Verticale ed orizzontale;Sereno;Normale;Buona;Ore Diurne;0;0;0;2;12,46968;41,77609;-1;1;Autovettura privata;In marcia / fermata / arresto;Passeggero;F;Illeso;0;;Non accertato;Inesploso
3561545;4;18/11/2017 16:10;Strada Urbana;VIA DELLE VIGNE NUOVE;da specificare;;;;all'altezza di Largo Fratelli Lumiere;Tamponamento;Rettilineo;Due carreggiate;Asciutto;Asfaltata;Verticale ed orizzontale;Sereno;Normale;Buona;Ore Diurne;1;0;0;2;12,53582;41,95536;-1;1;Autovettura privata;In marcia / fermata / arresto;Conducente;M;Illeso;0;;Non accertato;Inesploso
3561545;4;18/11/2017 16:10;Strada Urbana;VIA DELLE VIGNE NUOVE;da specificare;;;;all'altezza di Largo Fratelli Lumiere;Tamponamento;Rettilineo;Due carreggiate;Asciutto;Asfaltata;Verticale ed orizzontale;Sereno;Normale;Buona;Ore Diurne;1;0;0;2;12,53582;41,95536;-1;1;Autovettura privata;In marcia / fermata / arresto;Passeggero;M;Illeso;0;;Non accertato;Inesploso
3561545;4;18/11/2017 16:10;Strada Urbana;VIA DELLE VIGNE NUOVE;da specificare;;;;all'altezza di Largo Fratelli Lumiere;Tamponamento;Rettilineo;Due carreggiate;Asciutto;Asfaltata;Verticale ed orizzontale;Sereno;Normale;Buona;Ore Diurne;1;0;0;2;12,53582;41,95536;-1;2;Autovettura privata;In marcia / fermata / arresto;Conducente;M;Rimandato;0;NON DECEDUTO;Non accertato;Inesploso
3561550;12;19/11/2017 02:00;Strada Urbana;VIA DI PIETRA PAPA;all'intersezione con;VIA ENRICO FERMI;VIA ENRICO FERMI;;;Scontro frontale/laterale DX fra veicoli in marcia;Rotatoria;Due carreggiate;Asciutto;Asfaltata;Verticale ed orizzontale;Sereno;Normale;Buona;Sufficiente;1;0;0;1;12,46648;41,86911;-1;1;Autovettura privata;In marcia / fermata / arresto;Conducente;M;Illeso;0;;Non accertato;Inesploso
3561550;12;19/11/2017 02:00;Strada Urbana;VIA DI PIETRA PAPA;all'intersezione con;VIA ENRICO FERMI;VIA ENRICO FERMI;;;Scontro frontale/laterale DX fra veicoli in marcia;Rotatoria;Due carreggiate;Asciutto;Asfaltata;Verticale ed orizzontale;Sereno;Normale;Buona;Sufficiente;1;0;0;1;12,46648;41,86911;-1;2;Motociclo con passeggero;In marcia / fermata / arresto;Conducente;M;Rimandato;0;NON DECEDUTO;Utilizzato;
3561556;4;18/11/2017 15:10;Strada Urbana;VIA LUIGI CAPUANA;all'intersezione con;VIA LUDOVICO DI BREME;VIA LUDOVICO DI BREME;;;Scontro frontale/laterale SX fra veicoli in marcia;Incrocio;Due carreggiate;Asciutto;Asfaltata;Verticale ed orizzontale;Sereno;Normale;Buona;Ore Diurne;1;0;0;2;12,54722;41,94717;-1;1;Autovettura privata;In marcia / fermata / arresto;Conducente;M;Rifiuta cure immediate;0;NON DECEDUTO;Non accertato;Inesploso
3561556;4;18/11/2017 15:10;Strada Urbana;VIA LUIGI CAPUANA;all'intersezione con;VIA LUDOVICO DI BREME;VIA LUDOVICO DI BREME;;;Scontro frontale/laterale SX fra veicoli in marcia;Incrocio;Due carreggiate;Asciutto;Asfaltata;Verticale ed orizzontale;Sereno;Normale;Buona;Ore Diurne;1;0;0;2;12,54722;41,94717;-1;1;Autovettura privata;In marcia / fermata / arresto;Passeggero;M;Illeso;0;;;
3561556;4;18/11/2017 15:10;Strada Urbana;VIA LUIGI CAPUANA;all'intersezione con;VIA LUDOVICO DI BREME;VIA LUDOVICO DI BREME;;;Scontro frontale/laterale SX fra veicoli in marcia;Incrocio;Due carreggiate;Asciutto;Asfaltata;Verticale ed orizzontale;Sereno;Normale;Buona;Ore Diurne;1;0;0;2;12,54722;41,94717;-1;2;Autovettura privata;In marcia / fermata / arresto;Conducente;M;Illeso;0;;Non accertato;Inesploso
3561563;4;19/11/2017 12:30;Strada Urbana;VIA DEI PRATI FISCALI;in prossimità;;del civico n.;269 b;;Scontro frontale/laterale SX fra veicoli in marcia;Rettilineo;Due carreggiate;Asciutto;Asfaltata;Verticale ed orizzontale;Sereno;Normale;Buona;Ore Diurne;1;0;0;2;12,51464;41,94573;-1;1;Autovettura privata;In marcia / fermata / arresto;Conducente;F;Illeso;0;;Non accertato;
3561563;4;19/11/2017 12:30;Strada Urbana;VIA DEI PRATI FISCALI;in prossimità;;del civico n.;269 b;;Scontro frontale/laterale SX fra veicoli in marcia;Rettilineo;Due carreggiate;Asciutto;Asfaltata;Verticale ed orizzontale;Sereno;Normale;Buona;Ore Diurne;1;0;0;2;12,51464;41,94573;-1;1;Autovettura privata;In marcia / fermata / arresto;Passeggero;F;Rimandato;0;NON DECEDUTO;Non accertato;
3561563;4;19/11/2017 12:30;Strada Urbana;VIA DEI PRATI FISCALI;in prossimità;;del civico n.;269 b;;Scontro frontale/laterale SX fra veicoli in marcia;Rettilineo;Due carreggiate;Asciutto;Asfaltata;Verticale ed orizzontale;Sereno;Normale;Buona;Ore Diurne;1;0;0;2;12,51464;41,94573;-1;2;Autovettura privata;In marcia / fermata / arresto;Conducente;F;Illeso;0;;Non accertato;
3561570;4;18/11/2017 19:45;Statale entro l'abitato;VIA SALARIA;da specificare;;;;prossimità V. di Castel Giubileo;Veicolo in marcia contro ostacolo accidentale;Rettilineo;Due carreggiate;Asciutto;Asfaltata;Verticale ed orizzontale;Sereno;Normale;Sufficiente;Sufficiente;0;0;0;2;12,50875;41,98463;-1;1;Autovettura privata;In marcia / fermata / arresto;Passeggero;M;Illeso;0;;Non accertato;Inesploso
3561570;4;18/11/2017 19:45;Statale entro l'abitato;VIA SALARIA;da specificare;;;;prossimità V. di Castel Giubileo;Veicolo in marcia contro ostacolo accidentale;Rettilineo;Due carreggiate;Asciutto;Asfaltata;Verticale ed orizzontale;Sereno;Normale;Sufficiente;Sufficiente;0;0;0;2;12,50875;41,98463;-1;1;Autovettura privata;In marcia / fermata / arresto;Conducente;M;Illeso;0;;Non accertato;Inesploso
3561577;18;20/11/2017 08:10;Strada Urbana;VIA DI BOCCEA;da specificare;;;;FRONTE CIVICO 108;Tamponamento;Rettilineo;Una carreggiata a doppio senso;Asciutto;Asfaltata;Verticale ed orizzontale;Sereno;Intenso;Buona;Ore Diurne;0;0;0;2;12,42287;41,903;-1;1;Motociclo a solo;In marcia / fermata / arresto;Conducente;M;Illeso;0;;Non accertato;
3561577;18;20/11/2017 08:10;Strada Urbana;VIA DI BOCCEA;da specificare;;;;FRONTE CIVICO 108;Tamponamento;Rettilineo;Una carreggiata a doppio senso;Asciutto;Asfaltata;Verticale ed orizzontale;Sereno;Intenso;Buona;Ore Diurne;0;0;0;2;12,42287;41,903;-1;2;Motociclo a solo;In marcia / fermata / arresto;Conducente;M;Illeso;0;;Non accertato;
3561580;12;20/11/2017 09:20;Strada Urbana;VIA DI CASTEL DI LEVA;in prossimità;;del civico n.;251;;Veicolo in marcia contro veicolo arresto;Rettilineo;Una carreggiata a doppio senso;Asciutto;Asfaltata;Orizzontale;Sereno;Intenso;Buona;Ore Diurne;1;0;0;1;12,51616;41,78844;-1;1;Autocarro superiore 35 q.;In marcia / fermata / arresto;Conducente;M;Illeso;0;;Non accertato;Inesploso
3561580;12;20/11/2017 09:20;Strada Urbana;VIA DI CASTEL DI LEVA;in prossimità;;del civico n.;251;;Veicolo in marcia contro veicolo arresto;Rettilineo;Una carreggiata a doppio senso;Asciutto;Asfaltata;Orizzontale;Sereno;Intenso;Buona;Ore Diurne;1;0;0;1;12,51616;41,78844;-1;2;Autovettura privata;In marcia / fermata / arresto;Conducente;F;Rimandato;0;NON DECEDUTO;Non accertato;Esploso
3561582;4;19/11/2017 08:00;Strada Urbana;VIA DEL GRAN PARADISO;all'intersezione con;VIA SCARPANTO;VIA SCARPANTO;;;Scontro laterale fra veicoli in marcia;Intersezione non regolata/non segnalata;Una carreggiata a senso unico di marcia;Asciutto;Asfaltata;Verticale;Sereno;Scarso;Buona;Ore Diurne;0;0;0;3;12,52792;41,94773;-1;1;Autovettura privata;In marcia / fermata / arresto;Conducente;M;Illeso;0;;;
3561582;4;19/11/2017 08:00;Strada Urbana;VIA DEL GRAN PARADISO;all'intersezione con;VIA SCARPANTO;VIA SCARPANTO;;;Scontro laterale fra veicoli in marcia;Intersezione non regolata/non segnalata;Una carreggiata a senso unico di marcia;Asciutto;Asfaltata;Verticale;Sereno;Scarso;Buona;Ore Diurne;0;0;0;3;12,52792;41,94773;-1;2;Autovettura privata;In marcia / fermata / arresto;Conducente;M;Illeso;0;;;
3561582;4;19/11/2017 08:00;Strada Urbana;VIA DEL GRAN PARADISO;all'intersezione con;VIA SCARPANTO;VIA SCARPANTO;;;Scontro laterale fra veicoli in marcia;Intersezione non regolata/non segnalata;Una carreggiata a senso unico di marcia;Asciutto;Asfaltata;Verticale;Sereno;Scarso;Buona;Ore Diurne;0;0;0;3;12,52792;41,94773;-1;2;Autovettura privata;In marcia / fermata / arresto;Passeggero;F;Illeso;0;;;
3561585;1;17/11/2017 20:50;Strada Urbana;VIA MILANO;all'intersezione con;VIA PALERMO;VIA PALERMO;;;Scontro frontale/laterale DX fra veicoli in marcia;Intersezione stradale segnalata;Una carreggiata a senso unico di marcia;Asciutto;In cubetti di porfido;Verticale ed orizzontale;Sereno;Normale;Sufficiente;Sufficiente;1;0;0;2;12,49103;41,89825;-1;1;Autovettura privata;In marcia / fermata / arresto;Conducente;M;Illeso;0;;Non accertato;Inesploso
3561585;1;17/11/2017 20:50;Strada Urbana;VIA MILANO;all'intersezione con;VIA PALERMO;VIA PALERMO;;;Scontro frontale/laterale DX fra veicoli in marcia;Intersezione stradale segnalata;Una carreggiata a senso unico di marcia;Asciutto;In cubetti di porfido;Verticale ed orizzontale;Sereno;Normale;Sufficiente;Sufficiente;1;0;0;2;12,49103;41,89825;-1;2;Motociclo con passeggero;In marcia / fermata / arresto;Conducente;M;Rimandato;0;NON DECEDUTO;Non accertato;
3561585;1;17/11/2017 20:50;Strada Urbana;VIA MILANO;all'intersezione con;VIA PALERMO;VIA PALERMO;;;Scontro frontale/laterale DX fra veicoli in marcia;Intersezione stradale segnalata;Una carreggiata a senso unico di marcia;Asciutto;In cubetti di porfido;Verticale ed orizzontale;Sereno;Normale;Sufficiente;Sufficiente;1;0;0;2;12,49103;41,89825;-1;2;Motociclo con passeggero;In marcia / fermata / arresto;Passeggero;F;Illeso;0;;Non accertato;
3561626;4;18/11/2017 22:30;Statale;VIA SALARIA;in prossimità;;della chilometrica;19.5;;Fuoriuscita dalla sede stradale;Rettilineo;Una carreggiata a doppio senso;Asciutto;Asfaltata;Orizzontale;Sereno;Normale;Buona;Inesistente;0;0;0;2;12,51783;41,98705;-1;1;Autovettura privata;In marcia / fermata / arresto;Conducente;M;Illeso;0;;Non accertato;Inesploso
3561626;4;18/11/2017 22:30;Statale;VIA SALARIA;in prossimità;;della chilometrica;19.5;;Fuoriuscita dalla sede stradale;Rettilineo;Una carreggiata a doppio senso;Asciutto;Asfaltata;Orizzontale;Sereno;Normale;Buona;Inesistente;0;0;0;2;12,51783;41,98705;-1;1;Autovettura privata;In marcia / fermata / arresto;Passeggero;M;Illeso;0;;;
3561637;4;19/11/2017 03:00;Strada Urbana;Tangenziale Est direzione S. Giovanni;in prossimità;;del palo luce n.;29;;Ribaltamento senza urto contro ostacolo fisso;Rettilineo;Due carreggiate;Asciutto;Asfaltata;Orizzontale;Sereno;Scarso;Buona;Sufficiente;0;0;0;1;12,53259;41,90406;-1;1;Autovettura privata;In marcia / fermata / arresto;Conducente;M;Illeso;0;;Non accertato;Esploso
3561644;4;19/11/2017 12:50;Strada Urbana;VIA DI SETTEBAGNI;in prossimità;;del civico n.;334;;Scontro frontale/laterale DX fra veicoli in marcia;Rettilineo;Una carreggiata a doppio senso;Asciutto;Asfaltata;Verticale ed orizzontale;Sereno;Normale;Buona;Ore Diurne;0;0;0;3;12,5287;42,0043;-1;1;Autovettura privata;In marcia / fermata / arresto;Conducente;M;Illeso;0;;;
3561644;4;19/11/2017 12:50;Strada Urbana;VIA DI SETTEBAGNI;in prossimità;;del civico n.;334;;Scontro frontale/laterale DX fra veicoli in marcia;Rettilineo;Una carreggiata a doppio senso;Asciutto;Asfaltata;Verticale ed orizzontale;Sereno;Normale;Buona;Ore Diurne;0;0;0;3;12,5287;42,0043;-1;2;Autovettura privata;In marcia / fermata / arresto;Conducente;M;Illeso;0;;;
3561644;4;19/11/2017 12:50;Strada Urbana;VIA DI SETTEBAGNI;in prossimità;;del civico n.;334;;Scontro frontale/laterale DX fra veicoli in marcia;Rettilineo;Una carreggiata a doppio senso;Asciutto;Asfaltata;Verticale ed orizzontale;Sereno;Normale;Buona;Ore Diurne;0;0;0;3;12,5287;42,0043;-1;2;Autovettura privata;In marcia / fermata / arresto;Passeggero;M;Illeso;0;;;
3561647;4;19/11/2017 13:10;Statale;VIA SALARIA;da specificare;;;;dir. RM centro alt. via della Marcigliana;Infortunio per sola frenata improvvisa;Rettilineo;Una carreggiata a doppio senso;Asciutto;Asfaltata;Orizzontale;Sereno;Normale;Buona;Ore Diurne;1;0;0;0;12,51783;41,98705;-1;1;Motociclo a solo;In marcia / fermata / arresto;Conducente;M;Rimandato;0;NON DECEDUTO;;
3561757;10;20/11/2017 13:45;Strada Urbana;VIA ULDERICO MAZZOLANI;da specificare;;;;prossimità di via I. Scimonelli;Scontro frontale/laterale SX fra veicoli in marcia;Rettilineo;Una carreggiata a senso unico di marcia;Asciutto;Asfaltata;Orizzontale;Sereno;Scarso;Buona;Ore Diurne;2;0;0;1;12,59432;41,84747;-1;1;Autobus urbano;In marcia / fermata / arresto;Conducente;M;Rimandato;0;NON DECEDUTO;Non accertato;Inesistente
3561757;10;20/11/2017 13:45;Strada Urbana;VIA ULDERICO MAZZOLANI;da specificare;;;;prossimità di via I. Scimonelli;Scontro frontale/laterale SX fra veicoli in marcia;Rettilineo;Una carreggiata a senso unico di marcia;Asciutto;Asfaltata;Orizzontale;Sereno;Scarso;Buona;Ore Diurne;2;0;0;1;12,59432;41,84747;-1;2;Autovettura privata;In marcia / fermata / arresto;Conducente;M;Rifiuta cure immediate;0;NON DECEDUTO;Non accertato;Esploso
3561757;10;20/11/2017 13:45;Strada Urbana;VIA ULDERICO MAZZOLANI;da specificare;;;;prossimità di via I. Scimonelli;Scontro frontale/laterale SX fra veicoli in marcia;Rettilineo;Una carreggiata a senso unico di marcia;Asciutto;Asfaltata;Orizzontale;Sereno;Scarso;Buona;Ore Diurne;2;0;0;1;12,59432;41,84747;-1;3;Autovettura privata;In marcia / fermata / arresto;Conducente;M;Illeso;0;;Non accertato;Inesploso
3561776;12;16/11/2017 15:20;Provinciale;VIA ARDEATINA;in prossimità;;del civico n.;1010;;Scontro frontale fra veicoli in marcia;Rettilineo;Una carreggiata a doppio senso;Asciutto;Asfaltata;Verticale ed orizzontale;Nuvoloso;Normale;Buona;Ore Diurne;0;0;0;2;12,53547;41,79219;-1;1;Autoarticolato;In marcia / fermata / arresto;Conducente;M;Illeso;0;;Non accertato;Inesploso
3561776;12;16/11/2017 15:20;Provinciale;VIA ARDEATINA;in prossimità;;del civico n.;1010;;Scontro frontale fra veicoli in marcia;Rettilineo;Una carreggiata a doppio senso;Asciutto;Asfaltata;Verticale ed orizzontale;Nuvoloso;Normale;Buona;Ore Diurne;0;0;0;2;12,53547;41,79219;-1;2;Trattore agricolo;In marcia / fermata / arresto;Conducente;M;Illeso;0;;Non accertato;Inesploso
3561802;19;20/11/2017 14:00;Strada Urbana;VIA DI TORREVECCHIA;in corrispondenza;;del civico n.;fc 135;;Investimento di pedone;Curva a visuale libera;Una carreggiata a doppio senso;Asciutto;Asfaltata;Orizzontale;Sereno;Normale;Buona;Ore Diurne;2;0;0;0;12,49637;41,90278;-1;;;;Pedone;M;Rimandato;0;NON DECEDUTO;;
3561802;19;20/11/2017 14:00;Strada Urbana;VIA DI TORREVECCHIA;in corrispondenza;;del civico n.;fc 135;;Investimento di pedone;Curva a visuale libera;Una carreggiata a doppio senso;Asciutto;Asfaltata;Orizzontale;Sereno;Normale;Buona;Ore Diurne;2;0;0;0;12,49637;41,90278;-1;1;Motociclo a solo;In marcia / fermata / arresto;Conducente;M;Rimandato;0;NON DECEDUTO;Non accertato;
3561835;17;19/11/2017 10:30;Strada Urbana;VIA TRIONFALE;all'intersezione con;VIA TOMMASO CAMPANELLA;VIA TOMMASO CAMPANELLA;;;Scontro frontale/laterale DX fra veicoli in marcia;Incrocio;Una carreggiata a senso unico di marcia;Asciutto;Asfaltata;Verticale ed orizzontale;Sereno;Normale;Buona;Ore Diurne;1;0;0;1;12,45388;41,91114;-1;1;Autovettura privata;In marcia / fermata / arresto;Conducente;M;Illeso;0;;;
3561835;17;19/11/2017 10:30;Strada Urbana;VIA TRIONFALE;all'intersezione con;VIA TOMMASO CAMPANELLA;VIA TOMMASO CAMPANELLA;;;Scontro frontale/laterale DX fra veicoli in marcia;Incrocio;Una carreggiata a senso unico di marcia;Asciutto;Asfaltata;Verticale ed orizzontale;Sereno;Normale;Buona;Ore Diurne;1;0;0;1;12,45388;41,91114;-1;2;Motociclo a solo;In marcia / fermata / arresto;Conducente;M;Rimandato;0;NON DECEDUTO;;
3561836;18;20/11/2017 13:30;Strada Urbana;VIA DEL CASALE DI S. PIO V;in corrispondenza;;del civico n.;34;;Tamponamento Multiplo;Rettilineo;Una carreggiata a doppio senso;Asciutto;Asfaltata;Verticale ed orizzontale;Sereno;Normale;Buona;Ore Diurne;0;0;0;3;12,4332;41,89175;-1;1;Autovettura privata;In marcia / fermata / arresto;Conducente;F;Illeso;0;;Non accertato;Inesploso
3561836;18;20/11/2017 13:30;Strada Urbana;VIA DEL CASALE DI S. PIO V;in corrispondenza;;del civico n.;34;;Tamponamento Multiplo;Rettilineo;Una carreggiata a doppio senso;Asciutto;Asfaltata;Verticale ed orizzontale;Sereno;Normale;Buona;Ore Diurne;0;0;0;3;12,4332;41,89175;-1;2;Autovettura privata;In marcia / fermata / arresto;Conducente;M;Illeso;0;;Non accertato;Inesploso
3561836;18;20/11/2017 13:30;Strada Urbana;VIA DEL CASALE DI S. PIO V;in corrispondenza;;del civico n.;34;;Tamponamento Multiplo;Rettilineo;Una carreggiata a doppio senso;Asciutto;Asfaltata;Verticale ed orizzontale;Sereno;Normale;Buona;Ore Diurne;0;0;0;3;12,4332;41,89175;-1;3;Autovettura privata;In marcia / fermata / arresto;Conducente;M;Illeso;0;;Non accertato;Inesploso
3561849;12;16/11/2017 07:35;Provinciale;VIA ARDEATINA;da specificare;;;;direzione Ardea prossimità VIA DEI PLUMBAGHI;Tamponamento;Rettilineo;Una carreggiata a doppio senso;Asciutto;Asfaltata;Verticale ed orizzontale;Sereno;Normale;Buona;Ore Diurne;0;0;0;2;12,57697;41,7103;-1;1;Autovettura privata;In marcia / fermata / arresto;Conducente;F;Illeso;0;;Non accertato;Inesploso
3561849;12;16/11/2017 07:35;Provinciale;VIA ARDEATINA;da specificare;;;;direzione Ardea prossimità VIA DEI PLUMBAGHI;Tamponamento;Rettilineo;Una carreggiata a doppio senso;Asciutto;Asfaltata;Verticale ed orizzontale;Sereno;Normale;Buona;Ore Diurne;0;0;0;2;12,57697;41,7103;-1;2;Autoarticolato;In marcia / fermata / arresto;Conducente;M;Illeso;0;;Non accertato;Inesistente
3561871;26;09/11/2017 11:20;Strada Urbana;VIA DELLE TRE PILE;in corrispondenza;;del civico n.;1;;Tamponamento;Pendenza;Una carreggiata a senso unico di marcia;Asciutto;Lastricata;Assente;Sereno;Scarso;Buona;Ore Diurne;0;0;0;2;12,48222;41,8931;-1;1;Autovettura privata;In marcia / fermata / arresto;Conducente;M;Illeso;0;;;
3561871;26;09/11/2017 11:20;Strada Urbana;VIA DELLE TRE PILE;in corrispondenza;;del civico n.;1;;Tamponamento;Pendenza;Una carreggiata a senso unico di marcia;Asciutto;Lastricata;Assente;Sereno;Scarso;Buona;Ore Diurne;0;0;0;2;12,48222;41,8931;-1;2;Motociclo a solo;In marcia / fermata / arresto;Conducente;M;Illeso;0;;;
3561909;19;20/11/2017 09:15;Strada Urbana;GALLERIA GIOVANNI XXIII;in prossimità;;della chilometrica;1.6;;Scontro laterale fra veicoli in marcia;Curva senza visuale libera;Una carreggiata a senso unico di marcia;Asciutto;Asfaltata;Orizzontale;Sereno;Normale;Buona;Ore Diurne;0;0;0;2;12,44128;41,94052;-1;1;Autovettura privata;In marcia / fermata / arresto;Conducente;M;Illeso;0;;Non accertato;Inesploso
3561909;19;20/11/2017 09:15;Strada Urbana;GALLERIA GIOVANNI XXIII;in prossimità;;della chilometrica;1.6;;Scontro laterale fra veicoli in marcia;Curva senza visuale libera;Una carreggiata a senso unico di marcia;Asciutto;Asfaltata;Orizzontale;Sereno;Normale;Buona;Ore Diurne;0;0;0;2;12,44128;41,94052;-1;2;Motociclo a solo;In marcia / fermata / arresto;Conducente;M;Illeso;0;;Non accertato;
3561918;12;17/11/2017 09:30;Strada Urbana;VIA OSTIENSE;da specificare;;;; svincolo  dir. Via Tre Fontane;Veicolo in marcia contro ostacolo fisso;Rettilineo;Una carreggiata a senso unico di marcia;Asciutto;Asfaltata;Assente;Sereno;Normale;Buona;Ore Diurne;1;0;0;0;12,47872;41,8629;-1;1;Motociclo con passeggero;In marcia / fermata / arresto;Conducente;M;Rimandato;0;NON DECEDUTO;;
3561964;17;17/11/2017 15:45;Strada Urbana;VIA CIPRO;all'intersezione con;VIALE DEGLI AMMIRAGLI;VIALE DEGLI AMMIRAGLI;;;Scontro frontale fra veicoli in marcia;Intersezione semaforizzata;Due carreggiate;Asciutto;Asfaltata;Verticale ed orizzontale;Sereno;Normale;Buona;Ore Diurne;0;0;0;2;12,44493;41,90548;0;1;Autovettura privata;In marcia / fermata / arresto;Conducente;F;Illeso;0;;;
3561964;17;17/11/2017 15:45;Strada Urbana;VIA CIPRO;all'intersezione con;VIALE DEGLI AMMIRAGLI;VIALE DEGLI AMMIRAGLI;;;Scontro frontale fra veicoli in marcia;Intersezione semaforizzata;Due carreggiate;Asciutto;Asfaltata;Verticale ed orizzontale;Sereno;Normale;Buona;Ore Diurne;0;0;0;2;12,44493;41,90548;0;2;Motociclo a solo;In marcia / fermata / arresto;Conducente;M;Illeso;0;;;
3561966;12;17/11/2017 17:10;Provinciale;VIA LAURENTINA;da specificare;;;;PROSS. VIA CASTEL DI LEVA (ROTATORIA);Scontro laterale fra veicoli in marcia;Rotatoria;Una carreggiata a senso unico di marcia;Asciutto;Asfaltata;Verticale;Sereno;Normale;Buona;Sufficiente;0;0;0;3;12,48171;41,78834;-1;1;Autovettura privata;In marcia / fermata / arresto;Conducente;M;Illeso;0;;Non accertato;Inesploso
3561966;12;17/11/2017 17:10;Provinciale;VIA LAURENTINA;da specificare;;;;PROSS. VIA CASTEL DI LEVA (ROTATORIA);Scontro laterale fra veicoli in marcia;Rotatoria;Una carreggiata a senso unico di marcia;Asciutto;Asfaltata;Verticale;Sereno;Normale;Buona;Sufficiente;0;0;0;3;12,48171;41,78834;-1;2;Autovettura privata;In marcia / fermata / arresto;Conducente;M;Illeso;0;;Non accertato;Inesploso
3561966;12;17/11/2017 17:10;Provinciale;VIA LAURENTINA;da specificare;;;;PROSS. VIA CASTEL DI LEVA (ROTATORIA);Scontro laterale fra veicoli in marcia;Rotatoria;Una carreggiata a senso unico di marcia;Asciutto;Asfaltata;Verticale;Sereno;Normale;Buona;Sufficiente;0;0;0;3;12,48171;41,78834;-1;2;Autovettura privata;In marcia / fermata / arresto;Passeggero;F;Illeso;0;;Non accertato;Inesploso
3561972;12;17/11/2017 18:45;Strada Urbana;VIALE IGNAZIO SILONE;all'intersezione con;VIA ENRICO PEA;VIA ENRICO PEA;;;Investimento di pedone;Incrocio;Due carreggiate;Asciutto;Asfaltata;Verticale;Sereno;Scarso;Buona;Sufficiente;2;0;0;1;12,47615;41,81349;-1;;;;Pedone;F;Rimandato;0;NON DECEDUTO;;