Protocollo;Gruppo;DataOraIncidente;Localizzazione1;STRADA1;Localizzazione2;STRADA2;Strada02;Chilometrica;DaSpecificare;NaturaIncidente;particolaritastrade;TipoStrada;FondoStradale;Pavimentazione;Segnaletica;CondizioneAtmosferica;Traffico;Visibilita;Illuminazione;NUM_FERITI;NUM_RISERVATA;NUM_MORTI;NUM_ILLESI;Longitudine;Latitudine;Confermato;Progressivo;TipoVeicolo;StatoVeicolo;TipoPersona;Sesso;Tipolesione;Deceduto;DecedutoDopo;CinturaCascoUtilizzato;Airbag
3562631;15;20/11/2017 13:45;Strada Urbana;VIA DEL TRULLO;all'intersezione con;VIA DI MONTE CUCCO;VIA DI MONTE CUCCO;;;Scontro frontale/laterale DX fra veicoli in marcia;Intersezione stradale segnalata;Due carreggiate;Asciutto;Asfaltata;Verticale ed orizzontale;Sereno;Normale;Buona;Ore Diurne;1;0;0;1;12,43679;41,84304;-1;1;Autocarro inferiore 35 q.;In marcia / fermata / arresto;Conducente;M;Illeso;0;;Non accertato;Inesploso
3562631;15;20/11/2017 13:45;Strada Urbana;VIA DEL TRULLO;all'intersezione con;VIA DI MONTE CUCCO;VIA DI MONTE CUCCO;;;Scontro frontale/laterale DX fra veicoli in marcia;Intersezione stradale segnalata;Due carreggiate;Asciutto;Asfaltata;Verticale ed orizzontale;Sereno;Normale;Buona;Ore Diurne;1;0;0;1;12,43679;41,84304;-1;2;Motociclo a solo;In marcia / fermata / arresto;Conducente;M;Rimandato;0;NON DECEDUTO;Utilizzato;
3562637;11;20/11/2017 19:15;Strada Urbana;VIA GALBA;in corrispondenza;;del civico n.;10;;Scontro frontale/laterale SX fra veicoli in marcia;Rettilineo;Una carreggiata a senso unico di marcia;Asciutto;Asfaltata;Verticale ed orizzontale;Sereno;Normale;Sufficiente;Sufficiente;1;0;0;1;12,48645;41,85463;-1;1;Autovettura privata;In marcia / fermata / arresto;Conducente;M;Illeso;0;;;
3562637;11;20/11/2017 19:15;Strada Urbana;VIA GALBA;in corrispondenza;;del civico n.;10;;Scontro frontale/laterale SX fra veicoli in marcia;Rettilineo;Una carreggiata a senso unico di marcia;Asciutto;Asfaltata;Verticale ed orizzontale;Sereno;Normale;Sufficiente;Sufficiente;1;0;0;1;12,48645;41,85463;-1;2;Motociclo a solo;In marcia / fermata / arresto;Conducente;F;Rimandato;0;NON DECEDUTO;;
3562641;9;21/11/2017 00:45;Strada Urbana;PIAZZALE LABICANO;da specificare;;;;prox CASILINA;Scontro laterale fra veicoli in marcia;Rettilineo;Una carreggiata a senso unico di marcia;Asciutto;Asfaltata;Verticale ed orizzontale;Sereno;Scarso;Sufficiente;Sufficiente;0;0;0;3;12,5156;41,89125;-1;1;Autovettura privata;In marcia / fermata / arresto;Conducente;M;Illeso;0;;Non accertato;Inesploso
3562641;9;21/11/2017 00:45;Strada Urbana;PIAZZALE LABICANO;da specificare;;;;prox CASILINA;Scontro laterale fra veicoli in marcia;Rettilineo;Una carreggiata a senso unico di marcia;Asciutto;Asfaltata;Verticale ed orizzontale;Sereno;Scarso;Sufficiente;Sufficiente;0;0;0;3;12,5156;41,89125;-1;2;Autovettura privata;In marcia / fermata / arresto;Conducente;M;Illeso;0;;Non accertato;Inesploso
3562641;9;21/11/2017 00:45;Strada Urbana;PIAZZALE LABICANO;da specificare;;;;prox CASILINA;Scontro laterale fra veicoli in marcia;Rettilineo;Una carreggiata a senso unico di marcia;Asciutto;Asfaltata;Verticale ed orizzontale;Sereno;Scarso;Sufficiente;Sufficiente;0;0;0;3;12,5156;41,89125;-1;2;Autovettura privata;In marcia / fermata / arresto;Passeggero;F;Illeso;0;;Non accertato;Inesploso
3562643;10;20/11/2017 18:55;Strada Urbana;VIA APPIA NUOVA;da specificare;;;;altezza G.R.A. direzione Ciampino;Scontro frontale/laterale DX fra veicoli in marcia;Rettilineo;Più di due carreggiate;Asciutto;Asfaltata;Verticale ed orizzontale;Sereno;Intenso;Buona;Sufficiente;0;0;0;2;12,57347;41,81129;-1;1;Autoarticolato;In marcia / fermata / arresto;Conducente;M;Illeso;0;;Non accertato;Inesploso
3562643;10;20/11/2017 18:55;Strada Urbana;VIA APPIA NUOVA;da specificare;;;;altezza G.R.A. direzione Ciampino;Scontro frontale/laterale DX fra veicoli in marcia;Rettilineo;Più di due carreggiate;Asciutto;Asfaltata;Verticale ed orizzontale;Sereno;Intenso;Buona;Sufficiente;0;0;0;2;12,57347;41,81129;-1;2;Autovettura privata;In marcia / fermata / arresto;Conducente;M;Illeso;0;;Non accertato;Inesploso
3562645;5;20/11/2017 06:10;Strada Urbana;VIA DEI MONTI TIBURTINI;all'intersezione semaforizzata con;VIA FILIPPO MEDA;VIA FILIPPO MEDA;;;Scontro frontale/laterale DX fra veicoli in marcia;Intersezione semaforizzata;Due carreggiate;Asciutto;Asfaltata;Verticale ed orizzontale;Sereno;Normale;Buona;Sufficiente;0;0;0;2;12,54753;41,91558;-1;1;Autocarro inferiore 35 q.;In marcia / fermata / arresto;Conducente;M;Illeso;0;;Non accertato;Esploso
3562645;5;20/11/2017 06:10;Strada Urbana;VIA DEI MONTI TIBURTINI;all'intersezione semaforizzata con;VIA FILIPPO MEDA;VIA FILIPPO MEDA;;;Scontro frontale/laterale DX fra veicoli in marcia;Intersezione semaforizzata;Due carreggiate;Asciutto;Asfaltata;Verticale ed orizzontale;Sereno;Normale;Buona;Sufficiente;0;0;0;2;12,54753;41,91558;-1;2;Autovettura privata;In marcia / fermata / arresto;Conducente;M;Illeso;0;;Non accertato;Esploso
3562650;12;20/11/2017 09:20;Strada Urbana;VIA CRISTOFORO COLOMBO;da specificare;;;;prossimità svincolo VIALE MARCONI;Infortunio per sola frenata improvvisa;Rettilineo;Due carreggiate;Asciutto;Asfaltata;Verticale ed orizzontale;Sereno;Normale;Buona;Ore Diurne;1;0;0;1;12,38945;41,82261;-1;1;Autovettura privata;In marcia / fermata / arresto;Conducente;M;Illeso;0;;Non accertato;Inesploso
3562650;12;20/11/2017 09:20;Strada Urbana;VIA CRISTOFORO COLOMBO;da specificare;;;;prossimità svincolo VIALE MARCONI;Infortunio per sola frenata improvvisa;Rettilineo;Due carreggiate;Asciutto;Asfaltata;Verticale ed orizzontale;Sereno;Normale;Buona;Ore Diurne;1;0;0;1;12,38945;41,82261;-1;2;Motociclo a solo;In marcia / fermata / arresto;Conducente;M;Rimandato;0;NON DECEDUTO;Non accertato;
3562654;15;20/11/2017 07:10;Strada Urbana;VIA ANTONIO PACINOTTI;all'intersezione con;LUNGOTEVERE DI PIETRA PAPA;LUNGOTEVERE DI PIETRA PAPA;;;Scontro laterale fra veicoli in marcia;Incrocio;Una carreggiata a doppio senso;Asciutto;Asfaltata;Assente;Sereno;Intenso;Buona;Ore Diurne;0;0;0;2;12,46809;41,87107;-1;1;Ciclomotore con passeggero;In marcia / fermata / arresto;Conducente;M;Illeso;0;;Utilizzato;
3562654;15;20/11/2017 07:10;Strada Urbana;VIA ANTONIO PACINOTTI;all'intersezione con;LUNGOTEVERE DI PIETRA PAPA;LUNGOTEVERE DI PIETRA PAPA;;;Scontro laterale fra veicoli in marcia;Incrocio;Una carreggiata a doppio senso;Asciutto;Asfaltata;Assente;Sereno;Intenso;Buona;Ore Diurne;0;0;0;2;12,46809;41,87107;-1;2;Autovettura privata;In marcia / fermata / arresto;Conducente;M;Illeso;0;;Utilizzato;
3562657;5;20/11/2017 07:05;Strada Urbana;VIA FABRIANO;all'intersezione con;VIA MUCCIA;VIA MUCCIA;;;Scontro frontale/laterale DX fra veicoli in marcia;Incrocio;Una carreggiata a doppio senso;Asciutto;Asfaltata;Verticale ed orizzontale;Sereno;Normale;Sufficiente;Ore Diurne;1;0;0;2;12,58557;41,94189;-1;1;Motociclo con passeggero;In marcia / fermata / arresto;Conducente;M;Rimandato;0;NON DECEDUTO;Non accertato;
3562657;5;20/11/2017 07:05;Strada Urbana;VIA FABRIANO;all'intersezione con;VIA MUCCIA;VIA MUCCIA;;;Scontro frontale/laterale DX fra veicoli in marcia;Incrocio;Una carreggiata a doppio senso;Asciutto;Asfaltata;Verticale ed orizzontale;Sereno;Normale;Sufficiente;Ore Diurne;1;0;0;2;12,58557;41,94189;-1;1;Motociclo con passeggero;In marcia / fermata / arresto;Passeggero;M;Illeso;0;;Non accertato;
3562657;5;20/11/2017 07:05;Strada Urbana;VIA FABRIANO;all'intersezione con;VIA MUCCIA;VIA MUCCIA;;;Scontro frontale/laterale DX fra veicoli in marcia;Incrocio;Una carreggiata a doppio senso;Asciutto;Asfaltata;Verticale ed orizzontale;Sereno;Normale;Sufficiente;Ore Diurne;1;0;0;2;12,58557;41,94189;-1;2;Autovettura privata;In marcia / fermata / arresto;Conducente;M;Illeso;0;;Non accertato;Inesploso
3562660;19;20/11/2017 22:00;Strada Urbana;VIA FANNY TACCHINARDI;da specificare;;;;fronte civ. 64;Scontro frontale/laterale DX fra veicoli in marcia;Rettilineo;Una carreggiata a senso unico di marcia;Asciutto;Asfaltata;Assente;Sereno;Normale;Buona;Sufficiente;0;0;0;2;12,42047;41,92568;-1;1;Autovettura privata;In marcia / fermata / arresto;Conducente;F;Illeso;0;;Non accertato;Inesploso
3562660;19;20/11/2017 22:00;Strada Urbana;VIA FANNY TACCHINARDI;da specificare;;;;fronte civ. 64;Scontro frontale/laterale DX fra veicoli in marcia;Rettilineo;Una carreggiata a senso unico di marcia;Asciutto;Asfaltata;Assente;Sereno;Normale;Buona;Sufficiente;0;0;0;2;12,42047;41,92568;-1;2;Autovettura privata;In marcia / fermata / arresto;Conducente;M;Illeso;0;;Non accertato;Inesploso
3562662;15;20/11/2017 10:35;Strada Urbana;VIA ANTONIO PACINOTTI;da specificare;;;;F.N.C. 24;Scontro frontale/laterale SX fra veicoli in marcia;Rettilineo;Due carreggiate;Asciutto;Asfaltata;Verticale ed orizzontale;Sereno;Normale;Buona;Ore Diurne;1;0;0;1;12,46809;41,87107;-1;1;Autovettura privata;In marcia / fermata / arresto;Conducente;M;Illeso;0;;Utilizzato;
3562662;15;20/11/2017 10:35;Strada Urbana;VIA ANTONIO PACINOTTI;da specificare;;;;F.N.C. 24;Scontro frontale/laterale SX fra veicoli in marcia;Rettilineo;Due carreggiate;Asciutto;Asfaltata;Verticale ed orizzontale;Sereno;Normale;Buona;Ore Diurne;1;0;0;1;12,46809;41,87107;-1;2;Motociclo con passeggero;In marcia / fermata / arresto;Conducente;M;Rimandato;0;NON DECEDUTO;Utilizzato;
3562663;15;20/11/2017 17:25;Strada Urbana;VIA DEL TRULLO;all'intersezione con;VIA PITIGLIANO;VIA PITIGLIANO;;;Scontro frontale fra veicoli in marcia;Intersezione non regolata/non segnalata;Una carreggiata a doppio senso;Asciutto;Asfaltata;Verticale ed orizzontale;Sereno;Normale;Buona;Sufficiente;2;0;0;0;12,43679;41,84304;-1;1;Autocarro inferiore 35 q.;In marcia / fermata / arresto;Conducente;M;Rimandato;0;NON DECEDUTO;Non accertato;Esploso
3562663;15;20/11/2017 17:25;Strada Urbana;VIA DEL TRULLO;all'intersezione con;VIA PITIGLIANO;VIA PITIGLIANO;;;Scontro frontale fra veicoli in marcia;Intersezione non regolata/non segnalata;Una carreggiata a doppio senso;Asciutto;Asfaltata;Verticale ed orizzontale;Sereno;Normale;Buona;Sufficiente;2;0;0;0;12,43679;41,84304;-1;2;Autovettura privata;In marcia / fermata / arresto;Conducente;F;Rimandato;0;NON DECEDUTO;Non accertato;Esploso
3562672;20;20/11/2017 08:20;Strada Urbana;VIA CASSIA;in prossimità;;del civico n.;1056;;Scontro laterale fra veicoli in marcia;Rettilineo;Una carreggiata a doppio senso;Asciutto;Asfaltata;Verticale ed orizzontale;Sereno;Intenso;Buona;Ore Diurne;0;0;0;2;12,42629;41,97488;-1;1;Motociclo a solo;In marcia / fermata / arresto;Conducente;F;Illeso;0;;Non accertato;
3562672;20;20/11/2017 08:20;Strada Urbana;VIA CASSIA;in prossimità;;del civico n.;1056;;Scontro laterale fra veicoli in marcia;Rettilineo;Una carreggiata a doppio senso;Asciutto;Asfaltata;Verticale ed orizzontale;Sereno;Intenso;Buona;Ore Diurne;0;0;0;2;12,42629;41,97488;-1;2;Autovettura privata;In marcia / fermata / arresto;Conducente;F;Illeso;0;;Non accertato;
3562677;5;20/11/2017 07:07;Strada Urbana;VIA DELLA TENUTA DEL CAVALIERE;da specificare;;;;a circa 1 km prima del ponte direz. Lunghezza;Scontro frontale/laterale DX fra veicoli in marcia;Curva senza visuale libera;Una carreggiata a doppio senso;Bagnato (umidità in atto);Asfaltata;Verticale ed orizzontale;Sereno;Normale;Sufficiente;Ore Diurne;0;0;0;2;12,66572;41,93;-1;1;Autovettura privata;In marcia / fermata / arresto;Conducente;M;Illeso;0;;Non accertato;
3562677;5;20/11/2017 07:07;Strada Urbana;VIA DELLA TENUTA DEL CAVALIERE;da specificare;;;;a circa 1 km prima del ponte direz. Lunghezza;Scontro frontale/laterale DX fra veicoli in marcia;Curva senza visuale libera;Una carreggiata a doppio senso;Bagnato (umidità in atto);Asfaltata;Verticale ed orizzontale;Sereno;Normale;Sufficiente;Ore Diurne;0;0;0;2;12,66572;41,93;-1;1;Autovettura privata;In marcia / fermata / arresto;Passeggero;F;Illeso;0;;Non accertato;
3562678;19;20/11/2017 18:40;Comunale extraurbana;VIA DI BOCCEA;in prossimità;;del civico n.;1160;;Scontro frontale/laterale SX fra veicoli in marcia;Rettilineo;Una carreggiata a doppio senso;Asciutto;Asfaltata;Verticale ed orizzontale;Sereno;Scarso;Buona;Sufficiente;1;0;0;1;12,32223;41,93524;-1;1;Motociclo a solo;In marcia / fermata / arresto;Conducente;M;Ricoverato;0;NON DECEDUTO;Non accertato;
3562678;19;20/11/2017 18:40;Comunale extraurbana;VIA DI BOCCEA;in prossimità;;del civico n.;1160;;Scontro frontale/laterale SX fra veicoli in marcia;Rettilineo;Una carreggiata a doppio senso;Asciutto;Asfaltata;Verticale ed orizzontale;Sereno;Scarso;Buona;Sufficiente;1;0;0;1;12,32223;41,93524;-1;2;Autovettura privata;In marcia / fermata / arresto;Conducente;M;Illeso;0;;Non accertato;Inesploso
3562680;15;20/11/2017 08:45;Strada Urbana;VIA DEL TRULLO;in corrispondenza;;del civico n.;284;;Scontro laterale fra veicoli in marcia;Rettilineo;Due carreggiate;Asciutto;Asfaltata;Assente;Sereno;Normale;Buona;Ore Diurne;0;0;0;3;12,43618;41,84421;-1;1;Autocarro inferiore 35 q.;In marcia / fermata / arresto;Conducente;M;Illeso;0;;Utilizzato;
3562680;15;20/11/2017 08:45;Strada Urbana;VIA DEL TRULLO;in corrispondenza;;del civico n.;284;;Scontro laterale fra veicoli in marcia;Rettilineo;Due carreggiate;Asciutto;Asfaltata;Assente;Sereno;Normale;Buona;Ore Diurne;0;0;0;3;12,43618;41,84421;-1;2;Autovettura privata;In marcia / fermata / arresto;Conducente;M;Illeso;0;;Utilizzato;
3562680;15;20/11/2017 08:45;Strada Urbana;VIA DEL TRULLO;in corrispondenza;;del civico n.;284;;Scontro laterale fra veicoli in marcia;Rettilineo;Due carreggiate;Asciutto;Asfaltata;Assente;Sereno;Normale;Buona;Ore Diurne;0;0;0;3;12,43618;41,84421;-1;2;Autovettura privata;In marcia / fermata / arresto;Passeggero;M;Illeso;0;;Utilizzato;
3562684;11;20/11/2017 08:20;Strada Urbana;VIA LAURENTINA;all'intersezione semaforizzata con;VIA CRISTOFORO COLOMBO;VIA CRISTOFORO COLOMBO;;;Scontro laterale fra veicoli in marcia;Intersezione semaforizzata;Due carreggiate;Asciutto;Asfaltata;Verticale ed orizzontale;Sereno;Intenso;Buona;Ore Diurne;0;0;0;2;12,4791;41,84595;-1;1;Autovettura privata;In marcia / fermata / arresto;Conducente;M;Illeso;0;;;
3562684;11;20/11/2017 08:20;Strada Urbana;VIA LAURENTINA;all'intersezione semaforizzata con;VIA CRISTOFORO COLOMBO;VIA CRISTOFORO COLOMBO;;;Scontro laterale fra veicoli in marcia;Intersezione semaforizzata;Due carreggiate;Asciutto;Asfaltata;Verticale ed orizzontale;Sereno;Intenso;Buona;Ore Diurne;0;0;0;2;12,4791;41,84595;-1;2;Autovettura privata;In marcia / fermata / arresto;Conducente;M;Illeso;0;;;
3562689;15;20/11/2017 17:10;Comunale extraurbana;VIA DELLA MURATELLA;in prossimità;;del palo luce n.;167;;Scontro frontale/laterale SX fra veicoli in marcia;Rettilineo;Una carreggiata a doppio senso;Asciutto;Asfaltata;Verticale ed orizzontale;Nuvoloso;Normale;Sufficiente;Sufficiente;1;0;0;1;12,27318;41,84298;-1;1;Autovettura privata;In marcia / fermata / arresto;Conducente;M;Rimandato;0;NON DECEDUTO;;
3562689;15;20/11/2017 17:10;Comunale extraurbana;VIA DELLA MURATELLA;in prossimità;;del palo luce n.;167;;Scontro frontale/laterale SX fra veicoli in marcia;Rettilineo;Una carreggiata a doppio senso;Asciutto;Asfaltata;Verticale ed orizzontale;Nuvoloso;Normale;Sufficiente;Sufficiente;1;0;0;1;12,27318;41,84298;-1;2;Autocarro inferiore 35 q.;In marcia / fermata / arresto;Conducente;M;Illeso;0;;;
3562690;15;20/11/2017 18:30;Strada Urbana;VIALE GUGLIELMO MARCONI;da specificare;;;;PROX. N.C. 196;Tamponamento;Rettilineo;Due carreggiate;Asciutto;Asfaltata;Verticale ed orizzontale;Sereno;Intenso;Buona;Sufficiente;0;0;0;1;12,47151;41,85667;-1;1;Autovettura privata;In marcia / fermata / arresto;Conducente;M;Illeso;0;;Utilizzato;
3562691;19;20/11/2017 17:35;Strada Urbana;VIA IPOGEO DEGLI OTTAVI;da specificare;;;;alt. Via delle Canossiane;Scontro laterale fra veicoli in marcia;Rettilineo;Una carreggiata a senso unico di marcia;Asciutto;Asfaltata;Verticale ed orizzontale;Sereno;Intenso;Sufficiente;Ore Diurne;0;0;0;3;12,40801;41,96561;-1;1;Autovettura privata;In marcia / fermata / arresto;Conducente;F;Illeso;0;;Non accertato;Inesploso
3562691;19;20/11/2017 17:35;Strada Urbana;VIA IPOGEO DEGLI OTTAVI;da specificare;;;;alt. Via delle Canossiane;Scontro laterale fra veicoli in marcia;Rettilineo;Una carreggiata a senso unico di marcia;Asciutto;Asfaltata;Verticale ed orizzontale;Sereno;Intenso;Sufficiente;Ore Diurne;0;0;0;3;12,40801;41,96561;-1;2;Autovettura privata;In marcia / fermata / arresto;Conducente;M;Illeso;0;;Non accertato;Inesploso
3562691;19;20/11/2017 17:35;Strada Urbana;VIA IPOGEO DEGLI OTTAVI;da specificare;;;;alt. Via delle Canossiane;Scontro laterale fra veicoli in marcia;Rettilineo;Una carreggiata a senso unico di marcia;Asciutto;Asfaltata;Verticale ed orizzontale;Sereno;Intenso;Sufficiente;Ore Diurne;0;0;0;3;12,40801;41,96561;-1;2;Autovettura privata;In marcia / fermata / arresto;Passeggero;M;Illeso;0;;Non accertato;Inesploso
3562693;5;20/11/2017 07:40;Strada Urbana;VIA TIBURTINA;all'intersezione con;VIA GALLA PLACIDIA;VIA GALLA PLACIDIA;;;Scontro laterale fra veicoli in marcia;Incrocio;Due carreggiate;Asciutto;Asfaltata;Verticale ed orizzontale;Sereno;Normale;Buona;Ore Diurne;1;0;0;0;12,54273;41,90848;0;1;Autovettura privata;In marcia / fermata / arresto;Conducente;F;Rimandato;0;NON DECEDUTO;Non accertato;Inesploso
3562710;11;20/11/2017 07:00;Strada Urbana;CIRCONVALLAZIONE OSTIENSE;da specificare;;;;altezza palo acea 7;Scontro frontale fra veicoli in marcia;Rettilineo;Due carreggiate;Asciutto;Asfaltata;Verticale ed orizzontale;Sereno;Scarso;Buona;Ore Diurne;0;0;0;3;12,49048;41,8671;-1;1;Autovettura privata;In marcia / fermata / arresto;Passeggero;M;Illeso;0;;Non accertato;
3562710;11;20/11/2017 07:00;Strada Urbana;CIRCONVALLAZIONE OSTIENSE;da specificare;;;;altezza palo acea 7;Scontro frontale fra veicoli in marcia;Rettilineo;Due carreggiate;Asciutto;Asfaltata;Verticale ed orizzontale;Sereno;Scarso;Buona;Ore Diurne;0;0;0;3;12,49048;41,8671;-1;1;Autovettura privata;In marcia / fermata / arresto;Conducente;M;Illeso;0;;Utilizzato;
3562710;11;20/11/2017 07:00;Strada Urbana;CIRCONVALLAZIONE OSTIENSE;da specificare;;;;altezza palo acea 7;Scontro frontale fra veicoli in marcia;Rettilineo;Due carreggiate;Asciutto;Asfaltata;Verticale ed orizzontale;Sereno;Scarso;Buona;Ore Diurne;0;0;0;3;12,49048;41,8671;-1;2;Autocarro inferiore 35 q.;In marcia / fermata / arresto;Conducente;M;Illeso;0;;;
3562712;11;20/11/2017 11:00;Strada Urbana;CIRCONVALLAZIONE OSTIENSE;all'intersezione con;VIA PROSPERO ALPINO;VIA PROSPERO ALPINO;;;Tamponamento;Incrocio;Due carreggiate;Asciutto;Asfaltata;Verticale ed orizzontale;Sereno;Normale;Buona;Ore Diurne;3;0;0;0;12,48701;41,86739;-1;1;Autovettura privata;In marcia / fermata / arresto;Conducente;F;Rimandato;0;NON DECEDUTO;Non accertato;
3562712;11;20/11/2017 11:00;Strada Urbana;CIRCONVALLAZIONE OSTIENSE;all'intersezione con;VIA PROSPERO ALPINO;VIA PROSPERO ALPINO;;;Tamponamento;Incrocio;Due carreggiate;Asciutto;Asfaltata;Verticale ed orizzontale;Sereno;Normale;Buona;Ore Diurne;3;0;0;0;12,48701;41,86739;-1;2;Autovettura privata;In marcia / fermata / arresto;Conducente;F;Rimandato;0;NON DECEDUTO;Non accertato;
3562712;11;20/11/2017 11:00;Strada Urbana;CIRCONVALLAZIONE OSTIENSE;all'intersezione con;VIA PROSPERO ALPINO;VIA PROSPERO ALPINO;;;Tamponamento;Incrocio;Due carreggiate;Asciutto;Asfaltata;Verticale ed orizzontale;Sereno;Normale;Buona;Ore Diurne;3;0;0;0;12,48701;41,86739;-1;2;Autovettura privata;In marcia / fermata / arresto;Passeggero;F;Rifiuta cure immediate;0;NON DECEDUTO;Non accertato;
3562715;19;20/11/2017 21:50;Strada Urbana;VIA TRIONFALE;in corrispondenza;;del civico n.;8338;;Scontro laterale fra veicoli in marcia;Rettilineo;Una carreggiata a senso unico di marcia;Asciutto;Asfaltata;Verticale;Sereno;Normale;Buona;Sufficiente;0;0;0;3;12,42613;41,9378;-1;1;Autovettura privata;In marcia / fermata / arresto;Conducente;M;Illeso;0;;Non accertato;Inesploso
3562715;19;20/11/2017 21:50;Strada Urbana;VIA TRIONFALE;in corrispondenza;;del civico n.;8338;;Scontro laterale fra veicoli in marcia;Rettilineo;Una carreggiata a senso unico di marcia;Asciutto;Asfaltata;Verticale;Sereno;Normale;Buona;Sufficiente;0;0;0;3;12,42613;41,9378;-1;2;Autovettura privata;In marcia / fermata / arresto;Conducente;M;Illeso;0;;Non accertato;Inesploso
3562715;19;20/11/2017 21:50;Strada Urbana;VIA TRIONFALE;in corrispondenza;;del civico n.;8338;;Scontro laterale fra veicoli in marcia;Rettilineo;Una carreggiata a senso unico di marcia;Asciutto;Asfaltata;Verticale;Sereno;Normale;Buona;Sufficiente;0;0;0;3;12,42613;41,9378;-1;2;Autovettura privata;In marcia / fermata / arresto;Passeggero;M;Illeso;0;;Non accertato;Inesploso
3562719;5;20/11/2017 12:30;Strada Urbana;NUOVA CIRCONVALLAZIONE INTERNA;da specificare;;;;alt. svincolo M.ti Tiburtini dir Salaria;Tamponamento Multiplo;Rettilineo;Una carreggiata a senso unico di marcia;Asciutto;Asfaltata;Verticale ed orizzontale;Sereno;Normale;Buona;Ore Diurne;0;0;0;5;12,52806;41,91969;-1;1;Autovettura privata;In marcia / fermata / arresto;Conducente;F;Illeso;0;;Non accertato;Inesploso
3562719;5;20/11/2017 12:30;Strada Urbana;NUOVA CIRCONVALLAZIONE INTERNA;da specificare;;;;alt. svincolo M.ti Tiburtini dir Salaria;Tamponamento Multiplo;Rettilineo;Una carreggiata a senso unico di marcia;Asciutto;Asfaltata;Verticale ed orizzontale;Sereno;Normale;Buona;Ore Diurne;0;0;0;5;12,52806;41,91969;-1;1;Autovettura privata;In marcia / fermata / arresto;Passeggero;M;Illeso;0;;Non accertato;Inesploso
3562719;5;20/11/2017 12:30;Strada Urbana;NUOVA CIRCONVALLAZIONE INTERNA;da specificare;;;;alt. svincolo M.ti Tiburtini dir Salaria;Tamponamento Multiplo;Rettilineo;Una carreggiata a senso unico di marcia;Asciutto;Asfaltata;Verticale ed orizzontale;Sereno;Normale;Buona;Ore Diurne;0;0;0;5;12,52806;41,91969;-1;2;Autovettura privata;In marcia / fermata / arresto;Conducente;M;Illeso;0;;Non accertato;Inesploso
3562719;5;20/11/2017 12:30;Strada Urbana;NUOVA CIRCONVALLAZIONE INTERNA;da specificare;;;;alt. svincolo M.ti Tiburtini dir Salaria;Tamponamento Multiplo;Rettilineo;Una carreggiata a senso unico di marcia;Asciutto;Asfaltata;Verticale ed orizzontale;Sereno;Normale;Buona;Ore Diurne;0;0;0;5;12,52806;41,91969;-1;3;Autovettura privata;In marcia / fermata / arresto;Conducente;M;Illeso;0;;Non accertato;Inesploso
3562719;5;20/11/2017 12:30;Strada Urbana;NUOVA CIRCONVALLAZIONE INTERNA;da specificare;;;;alt. svincolo M.ti Tiburtini dir Salaria;Tamponamento Multiplo;Rettilineo;Una carreggiata a senso unico di marcia;Asciutto;Asfaltata;Verticale ed orizzontale;Sereno;Normale;Buona;Ore Diurne;0;0;0;5;12,52806;41,91969;-1;3;Autovettura privata;In marcia / fermata / arresto;Passeggero;F;Illeso;0;;Non accertato;Inesploso
3562736;5;20/11/2017 13:30;Strada Urbana;VIA ANTONIO BALDISSERA;in prossimità;;del civico n.;40;;Veicolo in marcia contro veicolo in sosta;Rettilineo;Una carreggiata a doppio senso;Asciutto;Asfaltata;Verticale ed orizzontale;Sereno;Normale;Buona;Ore Diurne;0;0;0;1;12,53697;41,89724;-1;2;Autovettura privata;In marcia / fermata / arresto;Conducente;F;Illeso;0;;Non accertato;Inesploso
3562740;5;20/11/2017 07:40;Strada Urbana;VIALE PALMIRO TOGLIATTI;da specificare;;;;100 metri prima del viadotto via Tiburtina;Tamponamento Multiplo;Rettilineo;Due carreggiate;Asciutto;Asfaltata;Assente;Sereno;Normale;Buona;Ore Diurne;0;0;0;4;12,56729;41,9198;-1;1;Autovettura privata;In marcia / fermata / arresto;Conducente;F;Illeso;0;;Non accertato;Inesploso
3562740;5;20/11/2017 07:40;Strada Urbana;VIALE PALMIRO TOGLIATTI;da specificare;;;;100 metri prima del viadotto via Tiburtina;Tamponamento Multiplo;Rettilineo;Due carreggiate;Asciutto;Asfaltata;Assente;Sereno;Normale;Buona;Ore Diurne;0;0;0;4;12,56729;41,9198;-1;2;Autovettura privata;In marcia / fermata / arresto;Conducente;F;Illeso;0;;Non accertato;Inesploso
3562740;5;20/11/2017 07:40;Strada Urbana;VIALE PALMIRO TOGLIATTI;da specificare;;;;100 metri prima del viadotto via Tiburtina;Tamponamento Multiplo;Rettilineo;Due carreggiate;Asciutto;Asfaltata;Assente;Sereno;Normale;Buona;Ore Diurne;0;0;0;4;12,56729;41,9198;-1;3;Autocarro inferiore 35 q.;In marcia / fermata / arresto;Conducente;M;Illeso;0;;Non accertato;Inesploso
3562740;5;20/11/2017 07:40;Strada Urbana;VIALE PALMIRO TOGLIATTI;da specificare;;;;100 metri prima del viadotto via Tiburtina;Tamponamento Multiplo;Rettilineo;Due carreggiate;Asciutto;Asfaltata;Assente;Sereno;Normale;Buona;Ore Diurne;0;0;0;4;12,56729;41,9198;-1;4;Autovettura privata;In marcia / fermata / arresto;Conducente;F;Illeso;0;;Non accertato;Inesploso