Protocollo;Gruppo;DataOraIncidente;Localizzazione1;STRADA1;Localizzazione2;STRADA2;Strada02;Chilometrica;DaSpecificare;NaturaIncidente;particolaritastrade;TipoStrada;FondoStradale;Pavimentazione;Segnaletica;CondizioneAtmosferica;Traffico;Visibilita;Illuminazione;NUM_FERITI;NUM_RISERVATA;NUM_MORTI;NUM_ILLESI;Longitudine;Latitudine;Confermato;Progressivo;TipoVeicolo;StatoVeicolo;TipoPersona;Sesso;Tipolesione;Deceduto;DecedutoDopo;CinturaCascoUtilizzato;Airbag
3577516;16;29/11/2017 11:00;Strada Urbana;VIA FRANCESCO MASSI;in corrispondenza;;del civico n.;18;;Infortunio per sola frenata improvvisa;Rettilineo;Una carreggiata a doppio senso;Bagnato (pioggia);In cubetti di porfido;Verticale;Pioggia in atto;Normale;Sufficiente;Ore Diurne;1;0;0;1;12,45994;41,87333;-1;1;Motociclo a solo;In marcia / fermata / arresto;Conducente;M;Rimandato;0;NON DECEDUTO;Non accertato;
3577516;16;29/11/2017 11:00;Strada Urbana;VIA FRANCESCO MASSI;in corrispondenza;;del civico n.;18;;Infortunio per sola frenata improvvisa;Rettilineo;Una carreggiata a doppio senso;Bagnato (pioggia);In cubetti di porfido;Verticale;Pioggia in atto;Normale;Sufficiente;Ore Diurne;1;0;0;1;12,45994;41,87333;-1;2;Autocarro inferiore 35 q.;In marcia / fermata / arresto;Conducente;M;Illeso;0;;Non accertato;Inesploso
3577517;5;30/11/2017 08:30;Strada Urbana;VIA TIBURTINA;all'intersezione con;VIA VISSO;VIA VISSO;;;Scontro laterale fra veicoli in marcia;Incrocio;Due carreggiate;Asciutto;Asfaltata;Verticale ed orizzontale;Sereno;Normale;Sufficiente;Ore Diurne;0;0;0;3;12,58711;41,93268;-1;1;Autocarro inferiore 35 q.;In marcia / fermata / arresto;Conducente;M;Illeso;0;;Non accertato;Inesploso
3577517;5;30/11/2017 08:30;Strada Urbana;VIA TIBURTINA;all'intersezione con;VIA VISSO;VIA VISSO;;;Scontro laterale fra veicoli in marcia;Incrocio;Due carreggiate;Asciutto;Asfaltata;Verticale ed orizzontale;Sereno;Normale;Sufficiente;Ore Diurne;0;0;0;3;12,58711;41,93268;-1;1;Autocarro inferiore 35 q.;In marcia / fermata / arresto;Passeggero;M;Illeso;0;;Non accertato;Inesploso
3577517;5;30/11/2017 08:30;Strada Urbana;VIA TIBURTINA;all'intersezione con;VIA VISSO;VIA VISSO;;;Scontro laterale fra veicoli in marcia;Incrocio;Due carreggiate;Asciutto;Asfaltata;Verticale ed orizzontale;Sereno;Normale;Sufficiente;Ore Diurne;0;0;0;3;12,58711;41,93268;-1;2;Autovettura privata;In marcia / fermata / arresto;Conducente;F;Illeso;0;;Non accertato;Inesploso
3577521;1;29/11/2017 19:30;Strada Urbana;PIAZZA VITTORIO EMANUELE II;in prossimità;;del civico n.;95;;Infortunio per caduta del veicolo;Rettilineo;Una carreggiata a doppio senso;Bagnato (pioggia);Asfaltata;Verticale ed orizzontale;Pioggia in atto;Normale;Sufficiente;Sufficiente;1;0;0;0;12,50458;41,89343;-1;1;Motociclo a solo;In marcia / fermata / arresto;Conducente;M;Rimandato;0;NON DECEDUTO;;
3577524;7;29/11/2017 16:30;Strada Urbana;VIA DEI LAURI;all'intersezione con;VIALE DELLE GARDENIE;VIALE DELLE GARDENIE;;;Scontro frontale/laterale DX fra veicoli in marcia;Incrocio;Una carreggiata a senso unico di marcia;Bagnato (pioggia);Asfaltata;Assente;Pioggia in atto;Normale;Buona;Ore Diurne;0;0;0;4;12,56426;41,88437;-1;1;Autovettura privata;In marcia / fermata / arresto;Conducente;M;Illeso;0;;;
3577524;7;29/11/2017 16:30;Strada Urbana;VIA DEI LAURI;all'intersezione con;VIALE DELLE GARDENIE;VIALE DELLE GARDENIE;;;Scontro frontale/laterale DX fra veicoli in marcia;Incrocio;Una carreggiata a senso unico di marcia;Bagnato (pioggia);Asfaltata;Assente;Pioggia in atto;Normale;Buona;Ore Diurne;0;0;0;4;12,56426;41,88437;-1;1;Autovettura privata;In marcia / fermata / arresto;Passeggero;M;Illeso;0;;;
3577524;7;29/11/2017 16:30;Strada Urbana;VIA DEI LAURI;all'intersezione con;VIALE DELLE GARDENIE;VIALE DELLE GARDENIE;;;Scontro frontale/laterale DX fra veicoli in marcia;Incrocio;Una carreggiata a senso unico di marcia;Bagnato (pioggia);Asfaltata;Assente;Pioggia in atto;Normale;Buona;Ore Diurne;0;0;0;4;12,56426;41,88437;-1;1;Autovettura privata;In marcia / fermata / arresto;Passeggero;F;Illeso;0;;;
3577524;7;29/11/2017 16:30;Strada Urbana;VIA DEI LAURI;all'intersezione con;VIALE DELLE GARDENIE;VIALE DELLE GARDENIE;;;Scontro frontale/laterale DX fra veicoli in marcia;Incrocio;Una carreggiata a senso unico di marcia;Bagnato (pioggia);Asfaltata;Assente;Pioggia in atto;Normale;Buona;Ore Diurne;0;0;0;4;12,56426;41,88437;-1;2;Autovettura privata;In marcia / fermata / arresto;Conducente;M;Illeso;0;;;
3577532;12;28/11/2017 17:20;Strada Urbana;VIA LAURENTINA;all'intersezione con;VIA FRANCESCO DE SUPPE';VIA FRANCESCO DE SUPPE';;;Tamponamento;Intersezione semaforizzata;Due carreggiate;Asciutto;Asfaltata;Verticale ed orizzontale;Sereno;Normale;Buona;Sufficiente;1;0;0;1;12,47908;41,8257;-1;1;Autovettura privata;In marcia / fermata / arresto;Conducente;F;Rimandato;0;NON DECEDUTO;;
3577532;12;28/11/2017 17:20;Strada Urbana;VIA LAURENTINA;all'intersezione con;VIA FRANCESCO DE SUPPE';VIA FRANCESCO DE SUPPE';;;Tamponamento;Intersezione semaforizzata;Due carreggiate;Asciutto;Asfaltata;Verticale ed orizzontale;Sereno;Normale;Buona;Sufficiente;1;0;0;1;12,47908;41,8257;-1;2;Autovettura privata;In marcia / fermata / arresto;Conducente;M;Illeso;0;;;
3577565;4;29/11/2017 15:00;Strada Urbana;VIA VAL BREMBANA;da specificare;;;;prossimità via G. R. Bencivenga;Scontro laterale fra veicoli in marcia;Rettilineo;Una carreggiata a senso unico di marcia;Bagnato (pioggia);Asfaltata;Assente;Pioggia in atto;Normale;Buona;Ore Diurne;0;0;0;2;12,528;41,9299;-1;1;Autovettura privata;In marcia / fermata / arresto;Conducente;M;Illeso;0;;Non accertato;Inesploso
3577565;4;29/11/2017 15:00;Strada Urbana;VIA VAL BREMBANA;da specificare;;;;prossimità via G. R. Bencivenga;Scontro laterale fra veicoli in marcia;Rettilineo;Una carreggiata a senso unico di marcia;Bagnato (pioggia);Asfaltata;Assente;Pioggia in atto;Normale;Buona;Ore Diurne;0;0;0;2;12,528;41,9299;-1;1;Autovettura privata;In marcia / fermata / arresto;Passeggero;M;Illeso;0;;Non accertato;Inesploso
3577577;12;28/11/2017 19:30;Strada Urbana;VIALE DELL'OCEANO INDIANO;da specificare;;;;fronte civico 120;Scontro frontale/laterale DX fra veicoli in marcia;Rettilineo;Una carreggiata a doppio senso;Asciutto;Asfaltata;Verticale ed orizzontale;Sereno;Normale;Sufficiente;Sufficiente;1;0;0;1;12,44882;41,82472;-1;1;Autovettura privata;In marcia / fermata / arresto;Conducente;F;Illeso;0;;Utilizzato;Inesploso
3577577;12;28/11/2017 19:30;Strada Urbana;VIALE DELL'OCEANO INDIANO;da specificare;;;;fronte civico 120;Scontro frontale/laterale DX fra veicoli in marcia;Rettilineo;Una carreggiata a doppio senso;Asciutto;Asfaltata;Verticale ed orizzontale;Sereno;Normale;Sufficiente;Sufficiente;1;0;0;1;12,44882;41,82472;-1;2;Motociclo a solo;In marcia / fermata / arresto;Conducente;M;Rimandato;0;NON DECEDUTO;Utilizzato;
3577603;6;30/11/2017 10:00;Statale entro l'abitato;VIA CASILINA;da specificare;;;;alt. via di Villa Serventi direzione GRA;Tamponamento Multiplo;Rettilineo;Due carreggiate;Bagnato (umidità in atto);Asfaltata;Orizzontale;Nuvoloso;Normale;Buona;Ore Diurne;1;0;0;2;12,53025;41,88464;-1;1;Autovettura privata;In marcia / fermata / arresto;Conducente;F;Illeso;0;;Non accertato;Inesploso
3577603;6;30/11/2017 10:00;Statale entro l'abitato;VIA CASILINA;da specificare;;;;alt. via di Villa Serventi direzione GRA;Tamponamento Multiplo;Rettilineo;Due carreggiate;Bagnato (umidità in atto);Asfaltata;Orizzontale;Nuvoloso;Normale;Buona;Ore Diurne;1;0;0;2;12,53025;41,88464;-1;2;Autovettura privata;In marcia / fermata / arresto;Conducente;F;Rifiuta cure immediate;0;NON DECEDUTO;Non accertato;Inesploso
3577603;6;30/11/2017 10:00;Statale entro l'abitato;VIA CASILINA;da specificare;;;;alt. via di Villa Serventi direzione GRA;Tamponamento Multiplo;Rettilineo;Due carreggiate;Bagnato (umidità in atto);Asfaltata;Orizzontale;Nuvoloso;Normale;Buona;Ore Diurne;1;0;0;2;12,53025;41,88464;-1;3;Autocarro inferiore 35 q.;In marcia / fermata / arresto;Conducente;M;Illeso;0;;Non accertato;Inesploso
3577618;1;30/11/2017 00:20;Strada Urbana;PIAZZALE GIUSEPPE GARIBALDI;da specificare;;;;adiacente area pedonale;Veicolo in marcia contro veicolo in sosta;Rotatoria;Una carreggiata a doppio senso;Bagnato (pioggia);Acciotolata;Orizzontale;Pioggia in atto;Scarso;Sufficiente;Sufficiente;0;0;0;1;12,46057;41,89359;-1;1;Autobus di linea;In marcia / fermata / arresto;Conducente;M;Illeso;0;;Non accertato;
3577628;7;29/11/2017 16:30;Strada Urbana;VIA DEI FIORI;in prossimità;;del civico n.;61/a;;Scontro frontale/laterale DX fra veicoli in marcia;Rettilineo;Una carreggiata a senso unico di marcia;Bagnato (pioggia);Asfaltata;Assente;Pioggia in atto;Normale;Buona;Ore Diurne;0;0;0;6;12,57706;41,87743;-1;1;Autovettura privata;In marcia / fermata / arresto;Conducente;M;Illeso;0;;;
3577628;7;29/11/2017 16:30;Strada Urbana;VIA DEI FIORI;in prossimità;;del civico n.;61/a;;Scontro frontale/laterale DX fra veicoli in marcia;Rettilineo;Una carreggiata a senso unico di marcia;Bagnato (pioggia);Asfaltata;Assente;Pioggia in atto;Normale;Buona;Ore Diurne;0;0;0;6;12,57706;41,87743;-1;2;Autovettura privata;In marcia / fermata / arresto;Conducente;F;Illeso;0;;;
3577628;7;29/11/2017 16:30;Strada Urbana;VIA DEI FIORI;in prossimità;;del civico n.;61/a;;Scontro frontale/laterale DX fra veicoli in marcia;Rettilineo;Una carreggiata a senso unico di marcia;Bagnato (pioggia);Asfaltata;Assente;Pioggia in atto;Normale;Buona;Ore Diurne;0;0;0;6;12,57706;41,87743;-1;2;Autovettura privata;In marcia / fermata / arresto;Passeggero;F;Illeso;0;;Non accertato;Inesploso
3577628;7;29/11/2017 16:30;Strada Urbana;VIA DEI FIORI;in prossimità;;del civico n.;61/a;;Scontro frontale/laterale DX fra veicoli in marcia;Rettilineo;Una carreggiata a senso unico di marcia;Bagnato (pioggia);Asfaltata;Assente;Pioggia in atto;Normale;Buona;Ore Diurne;0;0;0;6;12,57706;41,87743;-1;2;Autovettura privata;In marcia / fermata / arresto;Passeggero;M;Illeso;0;;Non accertato;Inesploso
3577628;7;29/11/2017 16:30;Strada Urbana;VIA DEI FIORI;in prossimità;;del civico n.;61/a;;Scontro frontale/laterale DX fra veicoli in marcia;Rettilineo;Una carreggiata a senso unico di marcia;Bagnato (pioggia);Asfaltata;Assente;Pioggia in atto;Normale;Buona;Ore Diurne;0;0;0;6;12,57706;41,87743;-1;2;Autovettura privata;In marcia / fermata / arresto;Passeggero;M;Illeso;0;;Non accertato;Inesploso
3577632;5;30/11/2017 09:50;Strada Urbana;VIA BELMONTE IN SABINA;all'intersezione con;VIALE GIUSEPPE CAPPI;VIALE GIUSEPPE CAPPI;;;Tamponamento;Incrocio;Due carreggiate;Asciutto;Asfaltata;Verticale ed orizzontale;Sereno;Normale;Sufficiente;Ore Diurne;2;0;0;1;12,58855;41,94543;-1;1;Autovettura privata;In marcia / fermata / arresto;Conducente;M;Illeso;0;;Non accertato;Inesploso
3577632;5;30/11/2017 09:50;Strada Urbana;VIA BELMONTE IN SABINA;all'intersezione con;VIALE GIUSEPPE CAPPI;VIALE GIUSEPPE CAPPI;;;Tamponamento;Incrocio;Due carreggiate;Asciutto;Asfaltata;Verticale ed orizzontale;Sereno;Normale;Sufficiente;Ore Diurne;2;0;0;1;12,58855;41,94543;-1;2;Autovettura privata;In marcia / fermata / arresto;Conducente;M;Rimandato;0;NON DECEDUTO;Non accertato;Inesploso
3577632;5;30/11/2017 09:50;Strada Urbana;VIA BELMONTE IN SABINA;all'intersezione con;VIALE GIUSEPPE CAPPI;VIALE GIUSEPPE CAPPI;;;Tamponamento;Incrocio;Due carreggiate;Asciutto;Asfaltata;Verticale ed orizzontale;Sereno;Normale;Sufficiente;Ore Diurne;2;0;0;1;12,58855;41,94543;-1;2;Autovettura privata;In marcia / fermata / arresto;Passeggero;M;Rimandato;0;NON DECEDUTO;Non accertato;Inesploso
3577645;4;29/11/2017 18:15;Strada Urbana;VIA DELLE ISOLE CURZOLANE;da specificare;;;;prossimità via Monte Petroso;Veicolo in marcia contro veicolo fermo;Rettilineo;Due carreggiate;Bagnato (pioggia);Asfaltata;Assente;Pioggia in atto;Intenso;Sufficiente;Sufficiente;1;0;0;2;12,53194;41,9488;-1;1;Filobus;In marcia / fermata / arresto;Conducente;M;Illeso;0;;;
3577645;4;29/11/2017 18:15;Strada Urbana;VIA DELLE ISOLE CURZOLANE;da specificare;;;;prossimità via Monte Petroso;Veicolo in marcia contro veicolo fermo;Rettilineo;Due carreggiate;Bagnato (pioggia);Asfaltata;Assente;Pioggia in atto;Intenso;Sufficiente;Sufficiente;1;0;0;2;12,53194;41,9488;-1;2;Autovettura privata;In marcia / fermata / arresto;Conducente;F;Rifiuta cure immediate;0;NON DECEDUTO;;
3577645;4;29/11/2017 18:15;Strada Urbana;VIA DELLE ISOLE CURZOLANE;da specificare;;;;prossimità via Monte Petroso;Veicolo in marcia contro veicolo fermo;Rettilineo;Due carreggiate;Bagnato (pioggia);Asfaltata;Assente;Pioggia in atto;Intenso;Sufficiente;Sufficiente;1;0;0;2;12,53194;41,9488;-1;2;Autovettura privata;In marcia / fermata / arresto;Passeggero;F;Illeso;0;;;
3577649;1;30/11/2017 03:40;Strada Urbana;VIA LEON BATTISTA ALBERTI;da specificare;;;;IN PROSSIMITA' DI VIALE GIOTTO;Veicolo in marcia contro ostacolo fisso;Rettilineo;Una carreggiata a doppio senso;Bagnato (pioggia);Asfaltata;Verticale ed orizzontale;Nuvoloso;Scarso;Sufficiente;Insufficiente;0;0;0;1;12,488;41,87816;-1;1;Autocarro inferiore 35 q.;In marcia / fermata / arresto;Conducente;M;Illeso;0;;Non accertato;
3577663;17;29/11/2017 19:30;Strada Urbana;VIALE GIUSEPPE MAZZINI;all'intersezione con;PIAZZALE CLODIO;PIAZZALE CLODIO;;;Investimento di pedone;Rotatoria;Due carreggiate;Bagnato (pioggia);Asfaltata;Verticale ed orizzontale;Pioggia in atto;Normale;Sufficiente;Ore Diurne;1;0;0;1;12,46285;41,91584;-1;;;;Pedone;M;Rimandato;0;NON DECEDUTO;;
3577663;17;29/11/2017 19:30;Strada Urbana;VIALE GIUSEPPE MAZZINI;all'intersezione con;PIAZZALE CLODIO;PIAZZALE CLODIO;;;Investimento di pedone;Rotatoria;Due carreggiate;Bagnato (pioggia);Asfaltata;Verticale ed orizzontale;Pioggia in atto;Normale;Sufficiente;Ore Diurne;1;0;0;1;12,46285;41,91584;-1;1;Autovettura privata;In marcia / fermata / arresto;Conducente;F;Illeso;0;;;
3577678;4;29/11/2017 11:40;Strada Urbana;VIA DEI PRATI FISCALI;all'intersezione con;VIA VAL DI SANGRO;VIA VAL DI SANGRO;;;Scontro frontale/laterale DX fra veicoli in marcia;Incrocio;Due carreggiate;Bagnato (pioggia);Asfaltata;Verticale ed orizzontale;Pioggia in atto;Normale;Buona;Ore Diurne;0;0;0;2;12,51616;41,94602;-1;1;Autovettura privata;In marcia / fermata / arresto;Conducente;F;Illeso;0;;;
3577678;4;29/11/2017 11:40;Strada Urbana;VIA DEI PRATI FISCALI;all'intersezione con;VIA VAL DI SANGRO;VIA VAL DI SANGRO;;;Scontro frontale/laterale DX fra veicoli in marcia;Incrocio;Due carreggiate;Bagnato (pioggia);Asfaltata;Verticale ed orizzontale;Pioggia in atto;Normale;Buona;Ore Diurne;0;0;0;2;12,51616;41,94602;-1;2;Autovettura privata;In marcia / fermata / arresto;Conducente;M;Illeso;0;;;
3577696;1;29/11/2017 09:35;Strada Urbana;VIA MERULANA;in corrispondenza;;del civico n.;143;;Scontro laterale fra veicoli in marcia;Rettilineo;Una carreggiata a doppio senso;Bagnato (umidità in atto);Asfaltata;Orizzontale;Nuvoloso;Intenso;Buona;Ore Diurne;1;0;0;1;12,5039;41,88802;-1;1;Motociclo a solo;In marcia / fermata / arresto;Conducente;M;Rimandato;0;NON DECEDUTO;Non accertato;
3577696;1;29/11/2017 09:35;Strada Urbana;VIA MERULANA;in corrispondenza;;del civico n.;143;;Scontro laterale fra veicoli in marcia;Rettilineo;Una carreggiata a doppio senso;Bagnato (umidità in atto);Asfaltata;Orizzontale;Nuvoloso;Intenso;Buona;Ore Diurne;1;0;0;1;12,5039;41,88802;-1;2;Autovettura privata;In marcia / fermata / arresto;Conducente;F;Illeso;0;;Non accertato;
3577710;8;30/11/2017 01:15;Strada Urbana;VIA PRENESTINA;da specificare;;;;100 m dopo intersezione Via Rocca Cencia;Veicolo in marcia contro ostacolo accidentale;Rettilineo;Una carreggiata a doppio senso;Bagnato (pioggia);Asfaltata;Assente;Pioggia in atto;Normale;Insufficiente;Insufficiente;0;0;0;1;;;0;1;Autovettura privata;In marcia / fermata / arresto;Conducente;M;Illeso;0;;Non accertato;Inesploso
3577714;12;28/11/2017 22:00;Strada Urbana;VIALE DELL'UMANESIMO;in corrispondenza;;del civico n.;53;;Investimento di pedone;Rettilineo;Una carreggiata a senso unico di marcia;Asciutto;Asfaltata;Verticale ed orizzontale;Nuvoloso;Scarso;Sufficiente;Sufficiente;1;0;0;2;12,47335;41,8221;-1;;;;Pedone;M;Rifiuta cure immediate;0;NON DECEDUTO;;
3577714;12;28/11/2017 22:00;Strada Urbana;VIALE DELL'UMANESIMO;in corrispondenza;;del civico n.;53;;Investimento di pedone;Rettilineo;Una carreggiata a senso unico di marcia;Asciutto;Asfaltata;Verticale ed orizzontale;Nuvoloso;Scarso;Sufficiente;Sufficiente;1;0;0;2;12,47335;41,8221;-1;1;Autovettura privata;In marcia / fermata / arresto;Conducente;M;Illeso;0;;Utilizzato;Inesploso
3577714;12;28/11/2017 22:00;Strada Urbana;VIALE DELL'UMANESIMO;in corrispondenza;;del civico n.;53;;Investimento di pedone;Rettilineo;Una carreggiata a senso unico di marcia;Asciutto;Asfaltata;Verticale ed orizzontale;Nuvoloso;Scarso;Sufficiente;Sufficiente;1;0;0;2;12,47335;41,8221;-1;1;Autovettura privata;In marcia / fermata / arresto;Passeggero;F;Illeso;0;;;
3577720;7;30/11/2017 00:50;Strada Urbana;VIA ALBA;in corrispondenza;;del civico n.;50;;Veicolo in marcia contro veicolo in sosta;Rettilineo;Una carreggiata a senso unico di marcia;Asciutto;Asfaltata;Verticale;Sereno;Scarso;Buona;Sufficiente;0;0;0;1;12,51743;41,87962;-1;1;Autocarro inferiore 35 q.;In marcia / fermata / arresto;Conducente;M;Illeso;0;;Non accertato;Inesistente
3577729;1;30/11/2017 08:50;Strada Urbana;VIA DEL CORSO;in corrispondenza;;del civico n.;126;;Scontro laterale fra veicoli in marcia;Rettilineo;Una carreggiata a senso unico di marcia;Asciutto;Asfaltata;Verticale ed orizzontale;Sereno;Normale;Buona;Ore Diurne;0;0;0;2;12,47866;41,90525;-1;1;Autocarro inferiore 35 q.;In marcia / fermata / arresto;Conducente;M;Illeso;0;;Utilizzato;Inesploso
3577729;1;30/11/2017 08:50;Strada Urbana;VIA DEL CORSO;in corrispondenza;;del civico n.;126;;Scontro laterale fra veicoli in marcia;Rettilineo;Una carreggiata a senso unico di marcia;Asciutto;Asfaltata;Verticale ed orizzontale;Sereno;Normale;Buona;Ore Diurne;0;0;0;2;12,47866;41,90525;-1;2;Autovettura pubblica;In marcia / fermata / arresto;Conducente;M;Illeso;0;;Utilizzato;Inesploso
3577799;15;30/11/2017 09:15;Strada Urbana;VIA GIUSEPPE VERONESE;da specificare;;;;fronte civico 119;Scontro laterale fra veicoli in marcia;Rettilineo;Una carreggiata a doppio senso;Asciutto;Asfaltata;Orizzontale;Sereno;Scarso;Buona;Ore Diurne;0;0;0;2;12,46497;41,86656;-1;1;Autovettura privata;In marcia / fermata / arresto;Conducente;F;Illeso;0;;Utilizzato;
3577799;15;30/11/2017 09:15;Strada Urbana;VIA GIUSEPPE VERONESE;da specificare;;;;fronte civico 119;Scontro laterale fra veicoli in marcia;Rettilineo;Una carreggiata a doppio senso;Asciutto;Asfaltata;Orizzontale;Sereno;Scarso;Buona;Ore Diurne;0;0;0;2;12,46497;41,86656;-1;2;Motociclo a solo;In marcia / fermata / arresto;Conducente;M;Illeso;0;;;
3577804;19;29/11/2017 20:00;Strada Urbana;VIA DI TORREVECCHIA;in corrispondenza;;del civico n.;180;;Investimento di pedone;Rettilineo;Una carreggiata a doppio senso;Bagnato (pioggia);Asfaltata;Verticale ed orizzontale;Nuvoloso;Intenso;Sufficiente;Sufficiente;2;0;0;0;12,41894;41,93075;-1;;;;Pedone;M;Rimandato;0;NON DECEDUTO;;
3577804;19;29/11/2017 20:00;Strada Urbana;VIA DI TORREVECCHIA;in corrispondenza;;del civico n.;180;;Investimento di pedone;Rettilineo;Una carreggiata a doppio senso;Bagnato (pioggia);Asfaltata;Verticale ed orizzontale;Nuvoloso;Intenso;Sufficiente;Sufficiente;2;0;0;0;12,41894;41,93075;-1;1;Motociclo a solo;In marcia / fermata / arresto;Conducente;M;Rimandato;0;NON DECEDUTO;Non accertato;
3577830;15;30/11/2017 10:20;Strada Urbana;VIA DELLA MAGLIANA;in corrispondenza;;del civico n.;277;;Scontro frontale/laterale DX fra veicoli in marcia;Rettilineo;Una carreggiata a doppio senso;Bagnato (umidità in atto);Asfaltata;Orizzontale;Nuvoloso;Normale;Buona;Ore Diurne;0;0;0;2;12,45488;41,84216;-1;1;Autocarro inferiore 35 q.;In marcia / fermata / arresto;Conducente;M;Illeso;0;;;
3577830;15;30/11/2017 10:20;Strada Urbana;VIA DELLA MAGLIANA;in corrispondenza;;del civico n.;277;;Scontro frontale/laterale DX fra veicoli in marcia;Rettilineo;Una carreggiata a doppio senso;Bagnato (umidità in atto);Asfaltata;Orizzontale;Nuvoloso;Normale;Buona;Ore Diurne;0;0;0;2;12,45488;41,84216;-1;2;Autovettura privata;In marcia / fermata / arresto;Conducente;F;Illeso;0;;;
3577844;5;29/11/2017 19:30;Strada Urbana;VIA DONATO MENICHELLA;da specificare;;;;altezza chiesa;Tamponamento;Rettilineo;Una carreggiata a senso unico di marcia;Bagnato (pioggia);Asfaltata;Verticale ed orizzontale;Pioggia in atto;Scarso;Sufficiente;Sufficiente;0;0;0;2;12,58546;41,94807;-1;1;Autovettura privata;In marcia / fermata / arresto;Conducente;M;Illeso;0;;Non accertato;Inesploso
3577844;5;29/11/2017 19:30;Strada Urbana;VIA DONATO MENICHELLA;da specificare;;;;altezza chiesa;Tamponamento;Rettilineo;Una carreggiata a senso unico di marcia;Bagnato (pioggia);Asfaltata;Verticale ed orizzontale;Pioggia in atto;Scarso;Sufficiente;Sufficiente;0;0;0;2;12,58546;41,94807;-1;2;Autovettura privata;In marcia / fermata / arresto;Conducente;M;Illeso;0;;Non accertato;Inesploso
3577880;5;29/11/2017 20:30;Strada Urbana;VIA ELENA BRANDIZZI GIANNI;da specificare;;;;altezza giardini;Investimento di pedone;Rettilineo;Una carreggiata a doppio senso;Bagnato (pioggia);Asfaltata;Assente;Pioggia in atto;Scarso;Sufficiente;Insufficiente;1;0;0;1;12,57926;41,93379;-1;;;;Pedone;M;Rimandato;0;NON DECEDUTO;;
3577880;5;29/11/2017 20:30;Strada Urbana;VIA ELENA BRANDIZZI GIANNI;da specificare;;;;altezza giardini;Investimento di pedone;Rettilineo;Una carreggiata a doppio senso;Bagnato (pioggia);Asfaltata;Assente;Pioggia in atto;Scarso;Sufficiente;Insufficiente;1;0;0;1;12,57926;41,93379;-1;1;Autovettura privata;In marcia / fermata / arresto;Conducente;M;Illeso;0;;;
3577894;1;30/11/2017 08:15;Strada Urbana;VIA DEGLI ANNIBALDI;in prossimità;;del palo luce n.;5;;Veicolo in marcia contro veicolo arresto;Rettilineo;Una carreggiata a senso unico di marcia;Asciutto;Asfaltata;Verticale ed orizzontale;Sereno;Normale;Buona;Ore Diurne;0;0;0;2;12,49157;41,89272;-1;1;Autocarro inferiore 35 q.;In marcia / fermata / arresto;Conducente;M;Illeso;0;;Utilizzato;Inesploso
3577894;1;30/11/2017 08:15;Strada Urbana;VIA DEGLI ANNIBALDI;in prossimità;;del palo luce n.;5;;Veicolo in marcia contro veicolo arresto;Rettilineo;Una carreggiata a senso unico di marcia;Asciutto;Asfaltata;Verticale ed orizzontale;Sereno;Normale;Buona;Ore Diurne;0;0;0;2;12,49157;41,89272;-1;2;Autovettura privata;In marcia / fermata / arresto;Conducente;M;Illeso;0;;Utilizzato;Inesploso
3577916;5;30/11/2017 12:50;Strada Urbana;VIA DI PORTONACCIO;in prossimità;;del civico n.;68;;Scontro laterale fra veicoli in marcia;Rettilineo;Due carreggiate;Bagnato (umidità in atto);Asfaltata;Verticale ed orizzontale;Nuvoloso;Normale;Buona;Ore Diurne;0;0;0;3;12,53604;41,90227;-1;1;Autovettura privata;In marcia / fermata / arresto;Conducente;M;Illeso;0;;Non accertato;Inesploso
3577916;5;30/11/2017 12:50;Strada Urbana;VIA DI PORTONACCIO;in prossimità;;del civico n.;68;;Scontro laterale fra veicoli in marcia;Rettilineo;Due carreggiate;Bagnato (umidità in atto);Asfaltata;Verticale ed orizzontale;Nuvoloso;Normale;Buona;Ore Diurne;0;0;0;3;12,53604;41,90227;-1;2;Motociclo con passeggero;In marcia / fermata / arresto;Conducente;M;Illeso;0;;Non accertato;
3577916;5;30/11/2017 12:50;Strada Urbana;VIA DI PORTONACCIO;in prossimità;;del civico n.;68;;Scontro laterale fra veicoli in marcia;Rettilineo;Due carreggiate;Bagnato (umidità in atto);Asfaltata;Verticale ed orizzontale;Nuvoloso;Normale;Buona;Ore Diurne;0;0;0;3;12,53604;41,90227;-1;2;Motociclo con passeggero;In marcia / fermata / arresto;Passeggero;M;Illeso;0;;Non accertato;
3577942;12;26/11/2017 18:28;Comunale extraurbana;VIA CRISTOFORO COLOMBO;da specificare;;;;direzione Roma sottovia Pontina;Veicolo in marcia contro ostacolo fisso;Curva senza visuale libera;Due carreggiate;Asciutto;Asfaltata;Verticale ed orizzontale;Sereno;Normale;Sufficiente;Sufficiente;1;0;0;0;12,45687;41,81009;-1;1;Autovettura privata;In marcia / fermata / arresto;Conducente;M;Rimandato;0;NON DECEDUTO;Utilizzato;Esploso
3577976;12;29/11/2017 09:00;Regionale;VIA PONTINA;in corrispondenza;;della chilometrica;18.25;;Fuoriuscita dalla sede stradale;Curva senza visuale libera;Due carreggiate;Bagnato (pioggia);Asfaltata;Verticale ed orizzontale;Pioggia in atto;Normale;Buona;Ore Diurne;1;0;0;0;12,4496;41,78588;-1;1;Veicolo speciale;In marcia / fermata / arresto;Conducente;M;Rimandato;0;NON DECEDUTO;Non accertato;Inesploso